-- phpMyAdmin SQL Dump
-- version 3.3.9
-- http://www.phpmyadmin.net
--
-- 主机: localhost
-- 生成日期: 2016 年 04 月 25 日 05:44
-- 服务器版本: 5.5.8
-- PHP 版本: 5.3.5

SET SQL_MODE="NO_AUTO_VALUE_ON_ZERO";


/*!40101 SET @OLD_CHARACTER_SET_CLIENT=@@CHARACTER_SET_CLIENT */;
/*!40101 SET @OLD_CHARACTER_SET_RESULTS=@@CHARACTER_SET_RESULTS */;
/*!40101 SET @OLD_COLLATION_CONNECTION=@@COLLATION_CONNECTION */;
/*!40101 SET NAMES utf8 */;

--
-- 数据库: `ew_demo`
--

-- --------------------------------------------------------

--
-- 表的结构 `ewshop_action`
--

CREATE TABLE IF NOT EXISTS `ewshop_action` (
  `id` int(11) unsigned NOT NULL AUTO_INCREMENT COMMENT '主键',
  `name` char(30) NOT NULL DEFAULT '' COMMENT '行为唯一标识',
  `title` char(80) NOT NULL DEFAULT '' COMMENT '行为说明',
  `remark` char(140) NOT NULL DEFAULT '' COMMENT '行为描述',
  `rule` text COMMENT '行为规则',
  `log` text COMMENT '日志规则',
  `type` tinyint(2) unsigned NOT NULL DEFAULT '1' COMMENT '类型',
  `status` tinyint(2) NOT NULL DEFAULT '0' COMMENT '状态',
  `update_time` int(11) unsigned NOT NULL DEFAULT '0' COMMENT '修改时间',
  PRIMARY KEY (`id`)
) ENGINE=MyISAM  DEFAULT CHARSET=utf8 ROW_FORMAT=DYNAMIC COMMENT='系统行为表' AUTO_INCREMENT=14 ;

--
-- 转存表中的数据 `ewshop_action`
--

INSERT INTO `ewshop_action` (`id`, `name`, `title`, `remark`, `rule`, `log`, `type`, `status`, `update_time`) VALUES
(1, 'user_login', '用户登录', '积分+10，每天一次', 'table:member|field:score|condition:uid={$self} AND status>-1|rule:score+10|cycle:24|max:1;', '[admin|get_admin]在[time|time_format]登录了后台', 1, 1, 1460375779),
(2, 'add_article', '发布文章', '发布文章', '', '[user|get_nickname]在[time|time_format]发表了一个产品。\r\n表[model]，记录编号[record]。', 1, 1, 1460373965),
(3, 'review', '评论', '评论积分+1，无限制', 'table:member|field:score|condition:uid={$self}|rule:score+1', '', 2, 0, 1383285646),
(4, 'add_document', '发布产品', '发布产品', '', '[user|get_nickname]在[time|time_format]发表了一个产品。\r\n表[model]，记录编号[record]。', 1, 1, 1460373673),
(12, 'update_Ad', '更新广告图片', '更新广告图片', '', '', 1, 1, 1460373748),
(5, 'add_document_topic', '发表讨论', '积分+5，每天上限10次', 'table:member|field:score|condition:uid={$self}|rule:score+5|cycle:24|max:10', '', 2, 0, 1383285551),
(6, 'update_config', '更新配置', '新增或修改或删除配置', '', '', 1, 1, 1383294988),
(7, 'update_model', '更新模型', '新增或修改模型', '', '', 1, 1, 1383295057),
(8, 'update_attribute', '更新属性', '新增或更新或删除属性', '', '', 1, 1, 1383295963),
(9, 'update_channel', '更新导航', '新增或修改或删除导航', '', '', 1, 1, 1383296301),
(10, 'update_menu', '更新菜单', '新增或修改或删除菜单', '', '', 1, 1, 1383296392),
(11, 'update_category', '更新分类', '新增或修改或删除分类', '', '', 1, 1, 1383296765),
(13, 'update_Admin', '更新管理员', '更新管理员信息', '', '', 1, 1, 1460374774);

-- --------------------------------------------------------

--
-- 表的结构 `ewshop_action_log`
--

CREATE TABLE IF NOT EXISTS `ewshop_action_log` (
  `id` int(10) unsigned NOT NULL AUTO_INCREMENT COMMENT '主键',
  `action_id` int(10) unsigned NOT NULL DEFAULT '0' COMMENT '行为id',
  `user_id` int(10) unsigned NOT NULL DEFAULT '0' COMMENT '执行用户id',
  `action_ip` bigint(20) NOT NULL COMMENT '执行行为者ip',
  `model` varchar(50) NOT NULL DEFAULT '' COMMENT '触发行为的表',
  `record_id` int(10) unsigned NOT NULL DEFAULT '0' COMMENT '触发行为的数据id',
  `remark` varchar(255) NOT NULL DEFAULT '' COMMENT '日志备注',
  `status` tinyint(2) NOT NULL DEFAULT '1' COMMENT '状态',
  `create_time` int(10) unsigned NOT NULL DEFAULT '0' COMMENT '执行行为的时间',
  PRIMARY KEY (`id`),
  KEY `action_ip_ix` (`action_ip`),
  KEY `action_id_ix` (`action_id`),
  KEY `user_id_ix` (`user_id`)
) ENGINE=MyISAM  DEFAULT CHARSET=utf8 ROW_FORMAT=FIXED COMMENT='行为日志表' AUTO_INCREMENT=81 ;

--
-- 转存表中的数据 `ewshop_action_log`
--

INSERT INTO `ewshop_action_log` (`id`, `action_id`, `user_id`, `action_ip`, `model`, `record_id`, `remark`, `status`, `create_time`) VALUES
(3, 10, 1, 2130706433, 'Menu', 19, '操作url：/index.php?s=/Control/Menu/edit.html', 1, 1460373275),
(2, 10, 1, 2130706433, 'Menu', 68, '操作url：/index.php?s=/Control/Menu/edit.html', 1, 1460373125),
(4, 10, 1, 2130706433, 'Menu', 106, '操作url：/index.php?s=/Control/Menu/edit.html', 1, 1460373304),
(5, 12, 1, 2130706433, 'Ad', 33, '操作url：/index.php?s=/Control/Ad/edit.html', 1, 1460373756),
(6, 2, 1, 2130706433, 'article', 3, '操作url：/index.php?s=/Control/Article/update.html', 1, 1460373893),
(7, 4, 1, 2130706433, 'document', 10, 'xiaoxiao在2016-04-11 19:25发表了一个产品。\r\n表document，记录编号10。', 1, 1460373924),
(8, 1, 1, 2130706433, 'admin', 1, 'xiaoxiao在2016-04-11 19:31登录了后台', 1, 1460374314),
(9, 1, 1, 2130706433, 'admin', 1, '在2016-04-11 19:36登录了后台', 1, 1460374608),
(10, 13, 1, 2130706433, 'Admin', 2, '操作url：/index.php?s=/Control/Admin/add.html', 1, 1460374795),
(11, 1, 1, 2130706433, 'admin', 1, '在2016-04-11 19:41登录了后台', 1, 1460374889),
(12, 1, 1, 2130706433, 'admin', 1, '在2016-04-11 20:03登录了后台', 1, 1460376231),
(13, 1, 1, 2130706433, 'admin', 1, 'admin在2016-04-11 20:05登录了后台', 1, 1460376345),
(14, 1, 2, 2130706433, 'admin', 2, '在2016-04-11 20:12登录了后台', 1, 1460376729),
(15, 1, 1, 2130706433, 'admin', 1, '在2016-04-11 20:12登录了后台', 1, 1460376745),
(16, 1, 1, 2130706433, 'admin', 1, '在2016-04-14 18:07登录了后台', 1, 1460628475),
(17, 9, 1, 2130706433, 'channel', 16, '操作url：/index.php?s=/Control/Channel/edit.html', 1, 1460629222),
(18, 9, 1, 2130706433, 'channel', 11, '操作url：/index.php?s=/Control/Channel/edit.html', 1, 1460629742),
(19, 9, 1, 2130706433, 'channel', 12, '操作url：/index.php?s=/Control/Channel/edit.html', 1, 1460629758),
(20, 9, 1, 2130706433, 'channel', 13, '操作url：/index.php?s=/Control/Channel/edit.html', 1, 1460629787),
(21, 9, 1, 2130706433, 'channel', 14, '操作url：/index.php?s=/Control/Channel/edit.html', 1, 1460629864),
(22, 9, 1, 2130706433, 'channel', 14, '操作url：/index.php?s=/Control/Channel/edit.html', 1, 1460629874),
(23, 9, 1, 2130706433, 'channel', 15, '操作url：/index.php?s=/Control/Channel/edit.html', 1, 1460629881),
(24, 9, 1, 2130706433, 'channel', 16, '操作url：/index.php?s=/Control/Channel/edit.html', 1, 1460629888),
(25, 9, 1, 2130706433, 'channel', 17, '操作url：/index.php?s=/Control/Channel/edit.html', 1, 1460629897),
(26, 7, 1, 2130706433, 'model', 1, '操作url：/index.php?s=/Control/User/edit.html', 1, 1460631942),
(27, 6, 1, 2130706433, 'config', 88, '操作url：/index.php?s=/Control/Config/edit.html', 1, 1460632314),
(28, 1, 3, 2130706433, 'member', 3, 'kangjia在2016-04-14 19:56登录了后台', 1, 1460635003),
(29, 1, 3, 2130706433, 'member', 3, 'kangjia在2016-04-14 21:30登录了后台', 1, 1460640636),
(30, 11, 1, 2130706433, 'category', 236, '操作url：/index.php?s=/Control/Category/add.html', 1, 1460644077),
(31, 1, 1, 2130706433, 'admin', 1, '在2016-04-15 11:48登录了后台', 1, 1460692134),
(32, 4, 1, 2130706433, 'document', 11, 'xiaoxiao在2016-04-15 11:51发表了一个产品。\r\n表document，记录编号11。', 1, 1460692285),
(33, 4, 1, 2130706433, 'document', 12, 'xiaoxiao在2016-04-15 11:51发表了一个产品。\r\n表document，记录编号12。', 1, 1460692300),
(34, 4, 1, 2130706433, 'document', 13, 'xiaoxiao在2016-04-15 11:51发表了一个产品。\r\n表document，记录编号13。', 1, 1460692317),
(35, 4, 1, 2130706433, 'document', 14, 'xiaoxiao在2016-04-15 11:52发表了一个产品。\r\n表document，记录编号14。', 1, 1460692333),
(36, 4, 1, 2130706433, 'document', 15, 'xiaoxiao在2016-04-15 11:52发表了一个产品。\r\n表document，记录编号15。', 1, 1460692349),
(37, 8, 1, 2130706433, 'attribute', 149, '操作url：/index.php?s=/Control/Attribute/update.html', 1, 1460702802),
(38, 1, 3, 2130706433, 'member', 3, 'kangjia在2016-04-15 15:29登录了后台', 1, 1460705354),
(39, 1, 3, 2130706433, 'member', 3, 'kangjia在2016-04-17 19:53登录了后台', 1, 1460894021),
(40, 1, 1, 2130706433, 'admin', 1, '在2016-04-19 19:11登录了后台', 1, 1461064284),
(41, 1, 1, 2130706433, 'admin', 1, '在2016-04-23 22:19登录了后台', 1, 1461421143),
(42, 1, 3, 2130706433, 'member', 3, 'kangjia在2016-04-24 00:31登录了后台', 1, 1461429094),
(43, 1, 3, 2130706433, 'member', 3, 'kangjia在2016-04-24 03:08登录了后台', 1, 1461438531),
(44, 1, 1, 2130706433, 'admin', 1, '在2016-04-24 15:38登录了后台', 1, 1461483480),
(45, 1, 3, 2130706433, 'member', 3, 'kangjia在2016-04-24 16:06登录了后台', 1, 1461485210),
(46, 8, 1, 2130706433, 'attribute', 43, '操作url：/index.php?s=/Control/Attribute/update.html', 1, 1461487729),
(47, 8, 1, 2130706433, 'attribute', 43, '操作url：/index.php?s=/Control/Attribute/update.html', 1, 1461487807),
(48, 1, 3, 2130706433, 'member', 3, 'kangjia在2016-04-24 17:25登录了后台', 1, 1461489953),
(49, 2, 1, 2130706433, 'article', 4, 'xiaoxiao在2016-04-25 00:12发表了一个产品。\r\n表article，记录编号4。', 1, 1461514370),
(50, 8, 1, 2130706433, 'attribute', 163, '操作url：/index.php?s=/Control/Attribute/remove/id/163.html', 1, 1461514391),
(51, 2, 1, 2130706433, 'article', 5, 'xiaoxiao在2016-04-25 00:13发表了一个产品。\r\n表article，记录编号5。', 1, 1461514415),
(52, 9, 1, 2130706433, 'channel', 18, '操作url：/index.php?s=/Control/Channel/edit.html', 1, 1461515314),
(53, 9, 1, 2130706433, 'channel', 19, '操作url：/index.php?s=/Control/Channel/edit.html', 1, 1461515323),
(54, 11, 1, 2130706433, 'category', 207, '操作url：/index.php?s=/Control/Page/edit.html', 1, 1461515517),
(55, 11, 1, 2130706433, 'category', 207, '操作url：/index.php?s=/Control/Page/edit.html', 1, 1461515526),
(56, 11, 1, 2130706433, 'category', 237, '操作url：/index.php?s=/Control/Page/add.html', 1, 1461515539),
(57, 11, 1, 2130706433, 'category', 238, '操作url：/index.php?s=/Control/Page/add.html', 1, 1461515553),
(58, 9, 1, 2130706433, 'channel', 21, '操作url：/index.php?s=/Control/Channel/edit.html', 1, 1461515621),
(59, 9, 1, 2130706433, 'channel', 22, '操作url：/index.php?s=/Control/Channel/edit.html', 1, 1461515636),
(60, 9, 1, 2130706433, 'channel', 23, '操作url：/index.php?s=/Control/Channel/edit.html', 1, 1461515646),
(61, 2, 1, 2130706433, 'article', 6, 'xiaoxiao在2016-04-25 00:37发表了一个产品。\r\n表article，记录编号6。', 1, 1461515869),
(62, 2, 1, 2130706433, 'article', 7, 'xiaoxiao在2016-04-25 00:37发表了一个产品。\r\n表article，记录编号7。', 1, 1461515878),
(63, 9, 1, 2130706433, 'channel', 12, '操作url：/index.php?s=/Control/Channel/edit.html', 1, 1461516795),
(64, 9, 1, 2130706433, 'channel', 13, '操作url：/index.php?s=/Control/Channel/edit.html', 1, 1461516846),
(65, 9, 1, 2130706433, 'channel', 31, '操作url：/index.php?s=/Control/Channel/edit.html', 1, 1461516865),
(66, 9, 1, 2130706433, 'channel', 32, '操作url：/index.php?s=/Control/Channel/edit.html', 1, 1461516924),
(67, 9, 1, 2130706433, 'channel', 11, '操作url：/index.php?s=/Control/Channel/edit.html', 1, 1461517031),
(68, 9, 1, 2130706433, 'channel', 34, '操作url：/index.php?s=/Control/Channel/edit.html', 1, 1461517623),
(69, 9, 1, 2130706433, 'channel', 34, '操作url：/index.php?s=/Control/Channel/edit.html', 1, 1461517856),
(70, 9, 1, 2130706433, 'channel', 11, '操作url：/index.php?s=/Control/Channel/edit.html', 1, 1461517863),
(71, 10, 1, 2130706433, 'Menu', 332, '操作url：/index.php?s=/Control/Menu/add.html', 1, 1461518212),
(72, 10, 1, 2130706433, 'Menu', 157, '操作url：/index.php?s=/Control/Menu/edit.html', 1, 1461518294),
(73, 1, 1, 2130706433, 'admin', 1, '在2016-04-25 01:19登录了后台', 1, 1461518340),
(74, 4, 1, 2130706433, 'document', 16, 'xiaoxiao在2016-04-25 01:25发表了一个产品。\r\n表document，记录编号16。', 1, 1461518732),
(75, 10, 1, 2130706433, 'Menu', 333, '操作url：/index.php?s=/Control/Menu/add.html', 1, 1461519476),
(76, 10, 1, 2130706433, 'Menu', 157, '操作url：/index.php?s=/Control/Menu/edit.html', 1, 1461519595),
(77, 1, 1, 2130706433, 'admin', 1, '在2016-04-25 01:40登录了后台', 1, 1461519608),
(78, 8, 1, 2130706433, 'attribute', 55, '操作url：/index.php?s=/Control/Attribute/remove/id/55.html', 1, 1461520081),
(79, 8, 1, 2130706433, 'attribute', 44, '操作url：/index.php?s=/Control/Attribute/remove/id/44.html', 1, 1461523560),
(80, 4, 1, 2130706433, 'document', 18, 'xiaoxiao在2016-04-25 02:51发表了一个产品。\r\n表document，记录编号18。', 1, 1461523901);

-- --------------------------------------------------------

--
-- 表的结构 `ewshop_ad`
--

CREATE TABLE IF NOT EXISTS `ewshop_ad` (
  `id` int(10) unsigned NOT NULL AUTO_INCREMENT COMMENT '分类ID',
  `name` varchar(30) NOT NULL DEFAULT '' COMMENT '标志',
  `title` varchar(50) NOT NULL DEFAULT '' COMMENT '标题',
  `url` varchar(128) NOT NULL DEFAULT '' COMMENT '链接',
  `description` varchar(255) NOT NULL DEFAULT '' COMMENT '描述',
  `meta_title` varchar(225) NOT NULL DEFAULT '',
  `place` varchar(30) NOT NULL DEFAULT '' COMMENT '位置',
  `create_time` int(10) unsigned NOT NULL DEFAULT '0' COMMENT '创建时间',
  `update_time` int(10) unsigned NOT NULL DEFAULT '0' COMMENT '更新时间',
  `status` tinyint(2) DEFAULT '1' COMMENT '数据状态',
  `icon` int(10) unsigned NOT NULL DEFAULT '0' COMMENT '分类图标',
  `px` int(11) NOT NULL DEFAULT '50' COMMENT '排序 数字越小越靠前',
  PRIMARY KEY (`id`)
) ENGINE=MyISAM  DEFAULT CHARSET=utf8 COMMENT='广告表' AUTO_INCREMENT=35 ;

--
-- 转存表中的数据 `ewshop_ad`
--

INSERT INTO `ewshop_ad` (`id`, `name`, `title`, `url`, `description`, `meta_title`, `place`, `create_time`, `update_time`, `status`, `icon`, `px`) VALUES
(33, '', '微信首页bnaner1', '', '', '', '24', 1447215570, 1460373756, 1, 353, 50),
(34, '', '微信首页bnaner211', '', '阿斯顿撒大', '', '24', 1447215586, 1460373027, 1, 2, 50);

-- --------------------------------------------------------

--
-- 表的结构 `ewshop_addons`
--

CREATE TABLE IF NOT EXISTS `ewshop_addons` (
  `id` int(10) unsigned NOT NULL AUTO_INCREMENT COMMENT '主键',
  `name` varchar(40) NOT NULL DEFAULT '' COMMENT '插件名或标识',
  `title` varchar(20) NOT NULL DEFAULT '' COMMENT '中文名',
  `description` text COMMENT '插件描述',
  `status` tinyint(1) NOT NULL DEFAULT '1' COMMENT '状态',
  `config` text COMMENT '配置',
  `author` varchar(40) DEFAULT '' COMMENT '作者',
  `version` varchar(20) DEFAULT '' COMMENT '版本号',
  `create_time` int(10) unsigned NOT NULL DEFAULT '0' COMMENT '安装时间',
  `has_adminlist` tinyint(1) unsigned NOT NULL DEFAULT '0' COMMENT '是否有后台列表',
  PRIMARY KEY (`id`)
) ENGINE=MyISAM  DEFAULT CHARSET=utf8 COMMENT='插件表' AUTO_INCREMENT=25 ;

--
-- 转存表中的数据 `ewshop_addons`
--

INSERT INTO `ewshop_addons` (`id`, `name`, `title`, `description`, `status`, `config`, `author`, `version`, `create_time`, `has_adminlist`) VALUES
(15, 'EditorForAdmin', '后台编辑器', '用于增强整站长文本的输入和显示', 1, '{"editor_type":"2","editor_wysiwyg":"1","editor_markdownpreview":"0","editor_height":"500px","editor_resize_type":"1"}', 'thinkphp', '0.1', 1383126253, 0),
(2, 'SiteStat', '站点统计信息', '统计站点的基础信息', 1, '{"title":"\\u7cfb\\u7edf\\u4fe1\\u606f","width":"1","display":"1","status":"0"}', 'thinkphp', '0.1', 1379512015, 0),
(3, 'DevTeam', '开发团队信息', '开发团队成员信息', 1, '{"title":"\\u5f00\\u53d1\\u56e2\\u961f","width":"2","display":"1"}', 'thinkphp', '0.1', 1379512022, 0),
(4, 'SystemInfo', '系统环境信息', '用于显示一些服务器的信息', 1, '{"title":"\\u7cfb\\u7edf\\u4fe1\\u606f","width":"2","display":"1"}', 'thinkphp', '0.1', 1379512036, 0),
(5, 'Editor', '前台编辑器', '用于增强整站长文本的输入和显示', 1, '{"editor_type":"2","editor_wysiwyg":"1","editor_height":"300px","editor_resize_type":"1"}', 'thinkphp', '0.1', 1379830910, 0),
(6, 'Attachment', '附件', '用于文档模型上传附件', 1, 'null', 'thinkphp', '0.1', 1379842319, 1),
(9, 'SocialComment', '通用社交化评论', '集成了各种社交化评论插件，轻松集成到系统中。', 1, '{"comment_type":"1","comment_uid_youyan":"","comment_short_name_duoshuo":"","comment_data_list_duoshuo":""}', 'thinkphp', '0.1', 1380273962, 0),
(23, 'SyncLogin', '第三方账号同步登陆', '第三方账号同步登陆', 1, '{"type":["Qq","Sina"],"meta":"<meta property=\\\\\\\\\\\\\\"qc:admins\\\\\\\\\\\\\\" content=\\\\\\\\\\\\\\"1450655062615230706375\\\\\\\\\\\\\\" \\/>","QqKEY":"","QqSecret":"","SinaKEY":"","SinaSecret":""}', 'yidian', '0.1', 1412762818, 0),
(24, 'ReturnTop', '返回顶部', '回到顶部美化，随机或指定显示，100款样式，每天一种换，天天都用新样式', 1, '{"random":"0","current":"89"}', 'thinkphp', '0.1', 1459132153, 0);

-- --------------------------------------------------------

--
-- 表的结构 `ewshop_admin`
--

CREATE TABLE IF NOT EXISTS `ewshop_admin` (
  `uid` int(10) NOT NULL AUTO_INCREMENT COMMENT '管理员id',
  `username` varchar(64) NOT NULL COMMENT '用户名',
  `password` varchar(64) NOT NULL COMMENT '密码',
  `nickname` varchar(64) NOT NULL COMMENT '昵称',
  `email` varchar(128) NOT NULL COMMENT '邮箱',
  `groupid` int(10) NOT NULL COMMENT '管理员角色',
  `login` int(10) NOT NULL COMMENT '登录次数',
  `last_login_ip` bigint(20) NOT NULL COMMENT '最后一次登录ip',
  `last_login_time` int(10) NOT NULL COMMENT '最后一次登录时间',
  `status` int(1) NOT NULL DEFAULT '1' COMMENT '管理员状态1正常0禁用',
  PRIMARY KEY (`uid`)
) ENGINE=InnoDB  DEFAULT CHARSET=utf8 COMMENT='管理员表' AUTO_INCREMENT=3 ;

--
-- 转存表中的数据 `ewshop_admin`
--

INSERT INTO `ewshop_admin` (`uid`, `username`, `password`, `nickname`, `email`, `groupid`, `login`, `last_login_ip`, `last_login_time`, `status`) VALUES
(1, 'admin', '4a378e8e0e8af386b4dd8bee4aa1b8a2', '小管理员', '', 4, 134, 2130706433, 1461519608, 1),
(2, 'xiaoxiao', '34c8c3e23c69798f182263f2a4277e27', '小小', '', 7, 1, 2130706433, 1460376729, 1);

-- --------------------------------------------------------

--
-- 表的结构 `ewshop_adposition`
--

CREATE TABLE IF NOT EXISTS `ewshop_adposition` (
  `id` int(10) unsigned NOT NULL AUTO_INCREMENT COMMENT '广告位id',
  `name` varchar(128) NOT NULL COMMENT '广告位名称',
  `note` varchar(512) NOT NULL COMMENT '广告位描述',
  `create_time` int(10) NOT NULL COMMENT '创建时间',
  PRIMARY KEY (`id`)
) ENGINE=MyISAM  DEFAULT CHARSET=utf8 COMMENT='广告位表' AUTO_INCREMENT=25 ;

--
-- 转存表中的数据 `ewshop_adposition`
--

INSERT INTO `ewshop_adposition` (`id`, `name`, `note`, `create_time`) VALUES
(24, '微信首页banner', '', 1447215277);

-- --------------------------------------------------------

--
-- 表的结构 `ewshop_area`
--

CREATE TABLE IF NOT EXISTS `ewshop_area` (
  `id` int(11) NOT NULL AUTO_INCREMENT,
  `name` varchar(64) NOT NULL,
  `pid` int(11) NOT NULL,
  `areacode` varchar(64) NOT NULL,
  PRIMARY KEY (`id`)
) ENGINE=MyISAM  DEFAULT CHARSET=utf8 AUTO_INCREMENT=3360 ;

--
-- 转存表中的数据 `ewshop_area`
--

INSERT INTO `ewshop_area` (`id`, `name`, `pid`, `areacode`) VALUES
(2, '北京市', 0, ''),
(3, '上海市', 0, ''),
(4, '天津市', 0, ''),
(5, '重庆市', 0, ''),
(6, '河北省', 0, ''),
(7, '山西省', 0, ''),
(8, '内蒙古', 0, ''),
(9, '辽宁省', 0, ''),
(10, '吉林省', 0, ''),
(11, '黑龙江省', 0, ''),
(12, '江苏省', 0, ''),
(13, '浙江省', 0, ''),
(14, '安徽省', 0, ''),
(15, '福建省', 0, ''),
(16, '江西省', 0, ''),
(17, '山东省', 0, ''),
(18, '河南省', 0, ''),
(19, '湖北省', 0, ''),
(20, '湖南省', 0, ''),
(21, '广东省', 0, ''),
(22, '广西', 0, ''),
(23, '海南省', 0, ''),
(24, '四川省', 0, ''),
(25, '贵州省', 0, ''),
(26, '云南省', 0, ''),
(27, '西藏', 0, ''),
(28, '陕西省', 0, ''),
(29, '甘肃省', 0, ''),
(30, '青海省', 0, ''),
(31, '宁夏', 0, ''),
(32, '新疆', 0, ''),
(33, '台湾省', 0, ''),
(34, '香港', 0, ''),
(35, '澳门', 0, ''),
(36, '东城区', 2, ''),
(37, '西城区', 2, ''),
(38, '崇文区', 2, ''),
(39, '宣武区', 2, ''),
(40, '朝阳区', 2, ''),
(41, '石景山区', 2, ''),
(42, '海淀区', 2, ''),
(43, '门头沟区', 2, ''),
(44, '房山区', 2, ''),
(45, '通州区', 2, ''),
(46, '顺义区', 2, ''),
(47, '昌平区', 2, ''),
(48, '大兴区', 2, ''),
(49, '怀柔区', 2, ''),
(50, '平谷区', 2, ''),
(51, '密云县', 2, ''),
(52, '延庆县', 2, ''),
(53, '黄浦区', 3, ''),
(54, '卢湾区', 3, ''),
(55, '徐汇区', 3, ''),
(56, '长宁区', 3, ''),
(57, '静安区', 3, ''),
(58, '普陀区', 3, ''),
(59, '闸北区', 3, ''),
(60, '虹口区', 3, ''),
(61, '杨浦区', 3, ''),
(62, '闵行区', 3, ''),
(63, '宝山区', 3, ''),
(64, '嘉定区', 3, ''),
(65, '浦东新区', 3, ''),
(66, '金山区', 3, ''),
(67, '松江区', 3, ''),
(68, '青浦区', 3, ''),
(69, '南汇区', 3, ''),
(70, '奉贤区', 3, ''),
(71, '崇明县', 3, ''),
(72, '和平区', 4, ''),
(73, '河东区', 4, ''),
(74, '河西区', 4, ''),
(75, '南开区', 4, ''),
(76, '河北区', 4, ''),
(77, '红桥区', 4, ''),
(78, '塘沽区', 4, ''),
(79, '汉沽区', 4, ''),
(80, '大港区', 4, ''),
(81, '东丽区', 4, ''),
(82, '西青区', 4, ''),
(83, '津南区', 4, ''),
(84, '北辰区', 4, ''),
(85, '武清区', 4, ''),
(86, '宝坻区', 4, ''),
(87, '宁河县', 4, ''),
(88, '静海县', 4, ''),
(89, '蓟县', 4, ''),
(90, '万州区', 5, ''),
(91, '涪陵区', 5, ''),
(92, '渝中区', 5, ''),
(93, '大渡口区', 5, ''),
(94, '江北区', 5, ''),
(95, '沙坪坝区', 5, ''),
(96, '九龙坡区', 5, ''),
(97, '南岸区', 5, ''),
(98, '北碚区', 5, ''),
(99, '万盛区', 5, ''),
(100, '双桥区', 5, ''),
(101, '渝北区', 5, ''),
(102, '巴南区', 5, ''),
(103, '黔江区', 5, ''),
(104, '长寿区', 5, ''),
(105, '綦江县', 5, ''),
(106, '潼南县', 5, ''),
(107, '铜梁县', 5, ''),
(108, '大足县', 5, ''),
(109, '荣昌县', 5, ''),
(110, '璧山县', 5, ''),
(111, '梁平县', 5, ''),
(112, '城口县', 5, ''),
(113, '丰都县', 5, ''),
(114, '垫江县', 5, ''),
(115, '武隆县', 5, ''),
(116, '忠县', 5, ''),
(117, '开县', 5, ''),
(118, '云阳县', 5, ''),
(119, '奉节县', 5, ''),
(120, '巫山县', 5, ''),
(121, '巫溪县', 5, ''),
(122, '石柱县', 5, ''),
(123, '秀山县', 5, ''),
(124, '酉阳县', 5, ''),
(125, '彭水县', 5, ''),
(126, '江津区', 5, ''),
(127, '合川区', 5, ''),
(128, '永川区', 5, ''),
(129, '南川区', 5, ''),
(130, '石家庄市', 6, ''),
(131, '唐山市', 6, ''),
(132, '秦皇岛市', 6, ''),
(133, '邯郸市', 6, ''),
(134, '邢台市', 6, ''),
(135, '保定市', 6, ''),
(136, '张家口市', 6, ''),
(137, '承德市', 6, ''),
(138, '沧州市', 6, ''),
(139, '廊坊市', 6, ''),
(140, '衡水市', 6, ''),
(141, '太原市', 7, ''),
(142, '大同市', 7, ''),
(143, '阳泉市', 7, ''),
(144, '长治市', 7, ''),
(145, '晋城市', 7, ''),
(146, '朔州市', 7, ''),
(147, '晋中市', 7, ''),
(148, '运城市', 7, ''),
(149, '忻州市', 7, ''),
(150, '临汾市', 7, ''),
(151, '吕梁市', 7, ''),
(152, '呼和浩特市', 8, ''),
(153, '包头市', 8, ''),
(154, '乌海市', 8, ''),
(155, '赤峰市', 8, ''),
(156, '通辽市', 8, ''),
(157, '鄂尔多斯市', 8, ''),
(158, '呼伦贝尔市', 8, ''),
(159, '巴彦淖尔市', 8, ''),
(160, '乌兰察布市', 8, ''),
(161, '兴安盟', 8, ''),
(162, '锡林郭勒盟', 8, ''),
(163, '阿拉善盟', 8, ''),
(164, '沈阳市', 9, ''),
(165, '大连市', 9, ''),
(166, '鞍山市', 9, ''),
(167, '抚顺市', 9, ''),
(168, '本溪市', 9, ''),
(169, '丹东市', 9, ''),
(170, '锦州市', 9, ''),
(171, '营口市', 9, ''),
(172, '阜新市', 9, ''),
(173, '辽阳市', 9, ''),
(174, '盘锦市', 9, ''),
(175, '铁岭市', 9, ''),
(176, '朝阳市', 9, ''),
(177, '葫芦岛市', 9, ''),
(178, '长春市', 10, ''),
(179, '吉林市', 10, ''),
(180, '四平市', 10, ''),
(181, '辽源市', 10, ''),
(182, '通化市', 10, ''),
(183, '白山市', 10, ''),
(184, '松原市', 10, ''),
(185, '白城市', 10, ''),
(186, '延边', 10, ''),
(187, '哈尔滨市', 11, ''),
(188, '齐齐哈尔市', 11, ''),
(189, '鸡西市', 11, ''),
(190, '鹤岗市', 11, ''),
(191, '双鸭山市', 11, ''),
(192, '大庆市', 11, ''),
(193, '伊春市', 11, ''),
(194, '佳木斯市', 11, ''),
(195, '七台河市', 11, ''),
(196, '牡丹江市', 11, ''),
(197, '黑河市', 11, ''),
(198, '绥化市', 11, ''),
(199, '大兴安岭地区', 11, ''),
(200, '南京市', 12, ''),
(201, '无锡市', 12, ''),
(202, '徐州市', 12, ''),
(203, '常州市', 12, ''),
(204, '苏州市', 12, ''),
(205, '南通市', 12, ''),
(206, '连云港市', 12, ''),
(207, '淮安市', 12, ''),
(208, '盐城市', 12, ''),
(209, '扬州市', 12, ''),
(210, '镇江市', 12, ''),
(211, '泰州市', 12, ''),
(212, '宿迁市', 12, ''),
(213, '杭州市', 13, ''),
(214, '宁波市', 13, ''),
(215, '温州市', 13, ''),
(216, '嘉兴市', 13, ''),
(217, '湖州市', 13, ''),
(218, '绍兴市', 13, ''),
(219, '金华市', 13, ''),
(220, '衢州市', 13, ''),
(221, '舟山市', 13, ''),
(222, '台州市', 13, ''),
(223, '丽水市', 13, ''),
(224, '合肥市', 14, ''),
(225, '芜湖市', 14, ''),
(226, '蚌埠市', 14, ''),
(227, '淮南市', 14, ''),
(228, '马鞍山市', 14, ''),
(229, '淮北市', 14, ''),
(230, '铜陵市', 14, ''),
(231, '安庆市', 14, ''),
(232, '黄山市', 14, ''),
(233, '滁州市', 14, ''),
(234, '阜阳市', 14, ''),
(235, '宿州市', 14, ''),
(236, '巢湖市', 14, ''),
(237, '六安市', 14, ''),
(238, '亳州市', 14, ''),
(239, '池州市', 14, ''),
(240, '宣城市', 14, ''),
(241, '福州市', 15, ''),
(242, '厦门市', 15, ''),
(243, '莆田市', 15, ''),
(244, '三明市', 15, ''),
(245, '泉州市', 15, ''),
(246, '漳州市', 15, ''),
(247, '南平市', 15, ''),
(248, '龙岩市', 15, ''),
(249, '宁德市', 15, ''),
(250, '南昌市', 16, ''),
(251, '景德镇市', 16, ''),
(252, '萍乡市', 16, ''),
(253, '九江市', 16, ''),
(254, '新余市', 16, ''),
(255, '鹰潭市', 16, ''),
(256, '赣州市', 16, ''),
(257, '吉安市', 16, ''),
(258, '宜春市', 16, ''),
(259, '抚州市', 16, ''),
(260, '上饶市', 16, ''),
(261, '济南市', 17, ''),
(262, '青岛市', 17, ''),
(263, '淄博市', 17, ''),
(264, '枣庄市', 17, ''),
(265, '东营市', 17, ''),
(266, '烟台市', 17, ''),
(267, '潍坊市', 17, ''),
(268, '济宁市', 17, ''),
(269, '泰安市', 17, ''),
(270, '威海市', 17, ''),
(271, '日照市', 17, ''),
(272, '莱芜市', 17, ''),
(273, '临沂市', 17, ''),
(274, '德州市', 17, ''),
(275, '聊城市', 17, ''),
(276, '滨州市', 17, ''),
(277, '荷泽市', 17, ''),
(278, '郑州市', 18, ''),
(279, '开封市', 18, ''),
(280, '洛阳市', 18, ''),
(281, '平顶山市', 18, ''),
(282, '安阳市', 18, ''),
(283, '鹤壁市', 18, ''),
(284, '新乡市', 18, ''),
(285, '焦作市', 18, ''),
(286, '濮阳市', 18, ''),
(287, '许昌市', 18, ''),
(288, '漯河市', 18, ''),
(289, '三门峡市', 18, ''),
(290, '南阳市', 18, ''),
(291, '商丘市', 18, ''),
(292, '信阳市', 18, ''),
(293, '周口市', 18, ''),
(294, '驻马店市', 18, ''),
(295, '武汉市', 19, ''),
(296, '黄石市', 19, ''),
(297, '十堰市', 19, ''),
(298, '宜昌市', 19, ''),
(299, '襄樊市', 19, ''),
(300, '鄂州市', 19, ''),
(301, '荆门市', 19, ''),
(302, '孝感市', 19, ''),
(303, '荆州市', 19, ''),
(304, '黄冈市', 19, ''),
(305, '咸宁市', 19, ''),
(306, '随州市', 19, ''),
(307, '恩施土家族苗族自治州', 19, ''),
(308, '仙桃市', 19, ''),
(309, '潜江市', 19, ''),
(310, '天门市', 19, ''),
(311, '神农架林区', 19, ''),
(312, '长沙市', 20, ''),
(313, '株洲市', 20, ''),
(314, '湘潭市', 20, ''),
(315, '衡阳市', 20, ''),
(316, '邵阳市', 20, ''),
(317, '岳阳市', 20, ''),
(318, '常德市', 20, ''),
(319, '张家界市', 20, ''),
(320, '益阳市', 20, ''),
(321, '郴州市', 20, ''),
(322, '永州市', 20, ''),
(323, '怀化市', 20, ''),
(324, '娄底市', 20, ''),
(325, '湘西土家族苗族自治州', 20, ''),
(326, '广州市', 21, ''),
(327, '韶关市', 21, ''),
(328, '深圳市', 21, ''),
(329, '珠海市', 21, ''),
(330, '汕头市', 21, ''),
(331, '佛山市', 21, ''),
(332, '江门市', 21, ''),
(333, '湛江市', 21, ''),
(334, '茂名市', 21, ''),
(335, '肇庆市', 21, ''),
(336, '惠州市', 21, ''),
(337, '梅州市', 21, ''),
(338, '汕尾市', 21, ''),
(339, '河源市', 21, ''),
(340, '阳江市', 21, ''),
(341, '清远市', 21, ''),
(342, '东莞市', 21, ''),
(343, '中山市', 21, ''),
(344, '潮州市', 21, ''),
(345, '揭阳市', 21, ''),
(346, '云浮市', 21, ''),
(347, '南宁市', 22, ''),
(348, '柳州市', 22, ''),
(349, '桂林市', 22, ''),
(350, '梧州市', 22, ''),
(351, '北海市', 22, ''),
(352, '防城港市', 22, ''),
(353, '钦州市', 22, ''),
(354, '贵港市', 22, ''),
(355, '玉林市', 22, ''),
(356, '百色市', 22, ''),
(357, '贺州市', 22, ''),
(358, '河池市', 22, ''),
(359, '来宾市', 22, ''),
(360, '崇左市', 22, ''),
(361, '海口市', 23, ''),
(362, '三亚市', 23, ''),
(363, '五指山市', 23, ''),
(364, '琼海市', 23, ''),
(365, '儋州市', 23, ''),
(366, '文昌市', 23, ''),
(367, '万宁市', 23, ''),
(368, '东方市', 23, ''),
(369, '定安县', 23, ''),
(370, '屯昌县', 23, ''),
(371, '澄迈县', 23, ''),
(372, '临高县', 23, ''),
(373, '白沙黎族自治县', 23, ''),
(374, '昌江黎族自治县', 23, ''),
(375, '乐东黎族自治县', 23, ''),
(376, '陵水黎族自治县', 23, ''),
(377, '保亭黎族苗族自治县', 23, ''),
(378, '琼中黎族苗族自治县', 23, ''),
(379, '西沙群岛', 23, ''),
(380, '南沙群岛', 23, ''),
(381, '中沙群岛的岛礁及其海域', 23, ''),
(382, '成都市', 24, ''),
(383, '自贡市', 24, ''),
(384, '攀枝花市', 24, ''),
(385, '泸州市', 24, ''),
(386, '德阳市', 24, ''),
(387, '绵阳市', 24, ''),
(388, '广元市', 24, ''),
(389, '遂宁市', 24, ''),
(390, '内江市', 24, ''),
(391, '乐山市', 24, ''),
(392, '南充市', 24, ''),
(393, '眉山市', 24, ''),
(394, '宜宾市', 24, ''),
(395, '广安市', 24, ''),
(396, '达州市', 24, ''),
(397, '雅安市', 24, ''),
(398, '巴中市', 24, ''),
(399, '资阳市', 24, ''),
(400, '阿坝州', 24, ''),
(401, '甘孜州', 24, ''),
(402, '凉山州', 24, ''),
(403, '贵阳市', 25, ''),
(404, '六盘水市', 25, ''),
(405, '遵义市', 25, ''),
(406, '安顺市', 25, ''),
(407, '铜仁地区', 25, ''),
(408, '黔西南州', 25, ''),
(409, '毕节地区', 25, ''),
(410, '黔东南州', 25, ''),
(411, '黔南州', 25, ''),
(412, '昆明市', 26, ''),
(413, '曲靖市', 26, ''),
(414, '玉溪市', 26, ''),
(415, '保山市', 26, ''),
(416, '昭通市', 26, ''),
(417, '丽江市', 26, ''),
(418, '思茅市', 26, ''),
(419, '临沧市', 26, ''),
(420, '楚雄州', 26, ''),
(421, '红河州', 26, ''),
(422, '文山州', 26, ''),
(423, '西双版纳', 26, ''),
(424, '大理', 26, ''),
(425, '德宏', 26, ''),
(426, '怒江', 26, ''),
(427, '迪庆', 26, ''),
(428, '拉萨市', 27, ''),
(429, '昌都', 27, ''),
(430, '山南', 27, ''),
(431, '日喀则', 27, ''),
(432, '那曲', 27, ''),
(433, '阿里', 27, ''),
(434, '林芝', 27, ''),
(435, '西安市', 28, ''),
(436, '铜川市', 28, ''),
(437, '宝鸡市', 28, ''),
(438, '咸阳市', 28, ''),
(439, '渭南市', 28, ''),
(440, '延安市', 28, ''),
(441, '汉中市', 28, ''),
(442, '榆林市', 28, ''),
(443, '安康市', 28, ''),
(444, '商洛市', 28, ''),
(445, '兰州市', 29, ''),
(446, '嘉峪关市', 29, ''),
(447, '金昌市', 29, ''),
(448, '白银市', 29, ''),
(449, '天水市', 29, ''),
(450, '武威市', 29, ''),
(451, '张掖市', 29, ''),
(452, '平凉市', 29, ''),
(453, '酒泉市', 29, ''),
(454, '庆阳市', 29, ''),
(455, '定西市', 29, ''),
(456, '陇南市', 29, ''),
(457, '临夏州', 29, ''),
(458, '甘州', 29, ''),
(459, '西宁市', 30, ''),
(460, '海东地区', 30, ''),
(461, '海州', 30, ''),
(462, '黄南州', 30, ''),
(463, '海南州', 30, ''),
(464, '果洛州', 30, ''),
(465, '玉树州', 30, ''),
(466, '海西州', 30, ''),
(467, '银川市', 31, ''),
(468, '石嘴山市', 31, ''),
(469, '吴忠市', 31, ''),
(470, '固原市', 31, ''),
(471, '中卫市', 31, ''),
(472, '乌鲁木齐市', 32, ''),
(473, '克拉玛依市', 32, ''),
(474, '吐鲁番地区', 32, ''),
(475, '哈密地区', 32, ''),
(476, '昌吉州', 32, ''),
(477, '博尔州', 32, ''),
(478, '巴音郭楞州', 32, ''),
(479, '阿克苏地区', 32, ''),
(480, '克孜勒苏柯尔克孜自治州', 32, ''),
(481, '喀什地区', 32, ''),
(482, '和田地区', 32, ''),
(483, '伊犁州', 32, ''),
(484, '塔城地区', 32, ''),
(485, '阿勒泰地区', 32, ''),
(486, '石河子市', 32, ''),
(487, '阿拉尔市', 32, ''),
(488, '图木舒克市', 32, ''),
(489, '五家渠市', 32, ''),
(490, '台北市', 33, ''),
(491, '高雄市', 33, ''),
(492, '基隆市', 33, ''),
(493, '新竹市', 33, ''),
(494, '台中市', 33, ''),
(495, '嘉义市', 33, ''),
(496, '台南市', 33, ''),
(497, '台北县', 33, ''),
(498, '桃园县', 33, ''),
(499, '新竹县', 33, ''),
(500, '苗栗县', 33, ''),
(501, '台中县', 33, ''),
(502, '彰化县', 33, ''),
(503, '南投县', 33, ''),
(504, '云林县', 33, ''),
(505, '嘉义县', 33, ''),
(506, '台南县', 33, ''),
(507, '高雄县', 33, ''),
(508, '屏东县', 33, ''),
(509, '宜兰县', 33, ''),
(510, '花莲县', 33, ''),
(511, '台东县', 33, ''),
(512, '澎湖县', 33, ''),
(513, '金门县', 33, ''),
(514, '连江县', 33, ''),
(515, '中西区', 34, ''),
(516, '东区', 34, ''),
(517, '南区', 34, ''),
(518, '湾仔区', 34, ''),
(519, '九龙城区', 34, ''),
(520, '观塘区', 34, ''),
(521, '深水埗区', 34, ''),
(522, '黄大仙区', 34, ''),
(523, '油尖旺区', 34, ''),
(524, '离岛区', 34, ''),
(525, '葵青区', 34, ''),
(526, '北区', 34, ''),
(527, '西贡区', 34, ''),
(528, '沙田区', 34, ''),
(529, '大埔区', 34, ''),
(530, '荃湾区', 34, ''),
(531, '屯门区', 34, ''),
(532, '元朗区', 34, ''),
(533, '花地玛堂区', 35, ''),
(534, '市圣安多尼堂区', 35, ''),
(535, '大堂区', 35, ''),
(536, '望德堂区', 35, ''),
(537, '风顺堂区', 35, ''),
(538, '嘉模堂区', 35, ''),
(539, '圣方济各堂区', 35, ''),
(540, '长安区', 130, ''),
(541, '桥东区', 130, ''),
(542, '桥西区', 130, ''),
(543, '新华区', 130, ''),
(544, '井陉矿区', 130, ''),
(545, '裕华区', 130, ''),
(546, '井陉县', 130, ''),
(547, '正定县', 130, ''),
(548, '栾城县', 130, ''),
(549, '行唐县', 130, ''),
(550, '灵寿县', 130, ''),
(551, '高邑县', 130, ''),
(552, '深泽县', 130, ''),
(553, '赞皇县', 130, ''),
(554, '无极县', 130, ''),
(555, '平山县', 130, ''),
(556, '元氏县', 130, ''),
(557, '赵县', 130, ''),
(558, '辛集市', 130, ''),
(559, '藁城市', 130, ''),
(560, '晋州市', 130, ''),
(561, '新乐市', 130, ''),
(562, '鹿泉市', 130, ''),
(563, '路南区', 131, ''),
(564, '路北区', 131, ''),
(565, '古冶区', 131, ''),
(566, '开平区', 131, ''),
(567, '丰南区', 131, ''),
(568, '丰润区', 131, ''),
(569, '滦县', 131, ''),
(570, '滦南县', 131, ''),
(571, '乐亭县', 131, ''),
(572, '迁西县', 131, ''),
(573, '玉田县', 131, ''),
(574, '唐海县', 131, ''),
(575, '遵化市', 131, ''),
(576, '迁安市', 131, ''),
(577, '海港区', 132, ''),
(578, '山海关区', 132, ''),
(579, '北戴河区', 132, ''),
(580, '青龙县', 132, ''),
(581, '昌黎县', 132, ''),
(582, '抚宁县', 132, ''),
(583, '卢龙县', 132, ''),
(584, '邯山区', 133, ''),
(585, '丛台区', 133, ''),
(586, '复兴区', 133, ''),
(587, '峰峰矿区', 133, ''),
(588, '邯郸县', 133, ''),
(589, '临漳县', 133, ''),
(590, '成安县', 133, ''),
(591, '大名县', 133, ''),
(592, '涉县', 133, ''),
(593, '磁县', 133, ''),
(594, '肥乡县', 133, ''),
(595, '永年县', 133, ''),
(596, '邱县', 133, ''),
(597, '鸡泽县', 133, ''),
(598, '广平县', 133, ''),
(599, '馆陶县', 133, ''),
(600, '魏县', 133, ''),
(601, '曲周县', 133, ''),
(602, '武安市', 133, ''),
(603, '桥东区', 134, ''),
(604, '桥西区', 134, ''),
(605, '邢台县', 134, ''),
(606, '临城县', 134, ''),
(607, '内丘县', 134, ''),
(608, '柏乡县', 134, ''),
(609, '隆尧县', 134, ''),
(610, '任县', 134, ''),
(611, '南和县', 134, ''),
(612, '宁晋县', 134, ''),
(613, '巨鹿县', 134, ''),
(614, '新河县', 134, ''),
(615, '广宗县', 134, ''),
(616, '平乡县', 134, ''),
(617, '威县', 134, ''),
(618, '清河县', 134, ''),
(619, '临西县', 134, ''),
(620, '南宫市', 134, ''),
(621, '沙河市', 134, ''),
(622, '新市区', 135, ''),
(623, '北市区', 135, ''),
(624, '南市区', 135, ''),
(625, '满城县', 135, ''),
(626, '清苑县', 135, ''),
(627, '涞水县', 135, ''),
(628, '阜平县', 135, ''),
(629, '徐水县', 135, ''),
(630, '定兴县', 135, ''),
(631, '唐县', 135, ''),
(632, '高阳县', 135, ''),
(633, '容城县', 135, ''),
(634, '涞源县', 135, ''),
(635, '望都县', 135, ''),
(636, '安新县', 135, ''),
(637, '易县', 135, ''),
(638, '曲阳县', 135, ''),
(639, '蠡县', 135, ''),
(640, '顺平县', 135, ''),
(641, '博野县', 135, ''),
(642, '雄县', 135, ''),
(643, '涿州市', 135, ''),
(644, '定州市', 135, ''),
(645, '安国市', 135, ''),
(646, '高碑店市', 135, ''),
(647, '桥东区', 136, ''),
(648, '桥西区', 136, ''),
(649, '宣化区', 136, ''),
(650, '下花园区', 136, ''),
(651, '宣化县', 136, ''),
(652, '张北县', 136, ''),
(653, '康保县', 136, ''),
(654, '沽源县', 136, ''),
(655, '尚义县', 136, ''),
(656, '蔚县', 136, ''),
(657, '阳原县', 136, ''),
(658, '怀安县', 136, ''),
(659, '万全县', 136, ''),
(660, '怀来县', 136, ''),
(661, '涿鹿县', 136, ''),
(662, '赤城县', 136, ''),
(663, '崇礼县', 136, ''),
(664, '双桥区', 137, ''),
(665, '双滦区', 137, ''),
(666, '鹰手营子矿区', 137, ''),
(667, '承德县', 137, ''),
(668, '兴隆县', 137, ''),
(669, '平泉县', 137, ''),
(670, '滦平县', 137, ''),
(671, '隆化县', 137, ''),
(672, '丰宁县', 137, ''),
(673, '宽城县', 137, ''),
(674, '围场县', 137, ''),
(675, '新华区', 138, ''),
(676, '运河区', 138, ''),
(677, '沧县', 138, ''),
(678, '青县', 138, ''),
(679, '东光县', 138, ''),
(680, '海兴县', 138, ''),
(681, '盐山县', 138, ''),
(682, '肃宁县', 138, ''),
(683, '南皮县', 138, ''),
(684, '吴桥县', 138, ''),
(685, '献县', 138, ''),
(686, '孟村县', 138, ''),
(687, '泊头市', 138, ''),
(688, '任丘市', 138, ''),
(689, '黄骅市', 138, ''),
(690, '河间市', 138, ''),
(691, '安次区', 139, ''),
(692, '广阳区', 139, ''),
(693, '固安县', 139, ''),
(694, '永清县', 139, ''),
(695, '香河县', 139, ''),
(696, '大城县', 139, ''),
(697, '文安县', 139, ''),
(698, '大厂县', 139, ''),
(699, '霸州市', 139, ''),
(700, '三河市', 139, ''),
(701, '桃城区', 140, ''),
(702, '枣强县', 140, ''),
(703, '武邑县', 140, ''),
(704, '武强县', 140, ''),
(705, '饶阳县', 140, ''),
(706, '安平县', 140, ''),
(707, '故城县', 140, ''),
(708, '景县', 140, ''),
(709, '阜城县', 140, ''),
(710, '冀州市', 140, ''),
(711, '深州市', 140, ''),
(712, '小店区', 141, ''),
(713, '迎泽区', 141, ''),
(714, '杏花岭区', 141, ''),
(715, '尖草坪区', 141, ''),
(716, '万柏林区', 141, ''),
(717, '晋源区', 141, ''),
(718, '清徐县', 141, ''),
(719, '阳曲县', 141, ''),
(720, '娄烦县', 141, ''),
(721, '古交市', 141, ''),
(722, '城区', 142, ''),
(723, '矿区', 142, ''),
(724, '南郊区', 142, ''),
(725, '新荣区', 142, ''),
(726, '阳高县', 142, ''),
(727, '天镇县', 142, ''),
(728, '广灵县', 142, ''),
(729, '灵丘县', 142, ''),
(730, '浑源县', 142, ''),
(731, '左云县', 142, ''),
(732, '大同县', 142, ''),
(733, '城区', 143, ''),
(734, '矿区', 143, ''),
(735, '郊区', 143, ''),
(736, '平定县', 143, ''),
(737, '盂县', 143, ''),
(738, '城区', 144, ''),
(739, '郊区', 144, ''),
(740, '长治县', 144, ''),
(741, '襄垣县', 144, ''),
(742, '屯留县', 144, ''),
(743, '平顺县', 144, ''),
(744, '黎城县', 144, ''),
(745, '壶关县', 144, ''),
(746, '长子县', 144, ''),
(747, '武乡县', 144, ''),
(748, '沁县', 144, ''),
(749, '沁源县', 144, ''),
(750, '潞城市', 144, ''),
(751, '城区', 145, ''),
(752, '沁水县', 145, ''),
(753, '阳城县', 145, ''),
(754, '陵川县', 145, ''),
(755, '泽州县', 145, ''),
(756, '高平市', 145, ''),
(757, '朔城区', 146, ''),
(758, '平鲁区', 146, ''),
(759, '山阴县', 146, ''),
(760, '应县', 146, ''),
(761, '右玉县', 146, ''),
(762, '怀仁县', 146, ''),
(763, '榆次区', 147, ''),
(764, '榆社县', 147, ''),
(765, '左权县', 147, ''),
(766, '和顺县', 147, ''),
(767, '昔阳县', 147, ''),
(768, '寿阳县', 147, ''),
(769, '太谷县', 147, ''),
(770, '祁县', 147, ''),
(771, '平遥县', 147, ''),
(772, '灵石县', 147, ''),
(773, '介休市', 147, ''),
(774, '盐湖区', 148, ''),
(775, '临猗县', 148, ''),
(776, '万荣县', 148, ''),
(777, '闻喜县', 148, ''),
(778, '稷山县', 148, ''),
(779, '新绛县', 148, ''),
(780, '绛县', 148, ''),
(781, '垣曲县', 148, ''),
(782, '夏县', 148, ''),
(783, '平陆县', 148, ''),
(784, '芮城县', 148, ''),
(785, '永济市', 148, ''),
(786, '河津市', 148, ''),
(787, '忻府区', 149, ''),
(788, '定襄县', 149, ''),
(789, '五台县', 149, ''),
(790, '代县', 149, ''),
(791, '繁峙县', 149, ''),
(792, '宁武县', 149, ''),
(793, '静乐县', 149, ''),
(794, '神池县', 149, ''),
(795, '五寨县', 149, ''),
(796, '岢岚县', 149, ''),
(797, '河曲县', 149, ''),
(798, '保德县', 149, ''),
(799, '偏关县', 149, ''),
(800, '原平市', 149, ''),
(801, '尧都区', 150, ''),
(802, '曲沃县', 150, ''),
(803, '翼城县', 150, ''),
(804, '襄汾县', 150, ''),
(805, '洪洞县', 150, ''),
(806, '古县', 150, ''),
(807, '安泽县', 150, ''),
(808, '浮山县', 150, ''),
(809, '吉县', 150, ''),
(810, '乡宁县', 150, ''),
(811, '大宁县', 150, ''),
(812, '隰县', 150, ''),
(813, '永和县', 150, ''),
(814, '蒲县', 150, ''),
(815, '汾西县', 150, ''),
(816, '侯马市', 150, ''),
(817, '霍州市', 150, ''),
(818, '离石区', 151, ''),
(819, '文水县', 151, ''),
(820, '交城县', 151, ''),
(821, '兴县', 151, ''),
(822, '临县', 151, ''),
(823, '柳林县', 151, ''),
(824, '石楼县', 151, ''),
(825, '岚县', 151, ''),
(826, '方山县', 151, ''),
(827, '中阳县', 151, ''),
(828, '交口县', 151, ''),
(829, '孝义市', 151, ''),
(830, '汾阳市', 151, ''),
(831, '新城区', 152, ''),
(832, '回民区', 152, ''),
(833, '玉泉区', 152, ''),
(834, '赛罕区', 152, ''),
(835, '土默特左旗', 152, ''),
(836, '托克托县', 152, ''),
(837, '和林格尔县', 152, ''),
(838, '清水河县', 152, ''),
(839, '武川县', 152, ''),
(840, '东河区', 153, ''),
(841, '昆都仑区', 153, ''),
(842, '青山区', 153, ''),
(843, '石拐区', 153, ''),
(844, '白云矿区', 153, ''),
(845, '九原区', 153, ''),
(846, '土默特右旗', 153, ''),
(847, '固阳县', 153, ''),
(848, '达尔罕茂明安联合旗', 153, ''),
(849, '海勃湾区', 154, ''),
(850, '海南区', 154, ''),
(851, '乌达区', 154, ''),
(852, '红山区', 155, ''),
(853, '元宝山区', 155, ''),
(854, '松山区', 155, ''),
(855, '阿鲁科尔沁旗', 155, ''),
(856, '巴林左旗', 155, ''),
(857, '巴林右旗', 155, ''),
(858, '林西县', 155, ''),
(859, '克什克腾旗', 155, ''),
(860, '翁牛特旗', 155, ''),
(861, '喀喇沁旗', 155, ''),
(862, '宁城县', 155, ''),
(863, '敖汉旗', 155, ''),
(864, '科尔沁区', 156, ''),
(865, '科尔沁左翼中旗', 156, ''),
(866, '科尔沁左翼后旗', 156, ''),
(867, '开鲁县', 156, ''),
(868, '库伦旗', 156, ''),
(869, '奈曼旗', 156, ''),
(870, '扎鲁特旗', 156, ''),
(871, '霍林郭勒市', 156, ''),
(872, '东胜区', 157, ''),
(873, '达拉特旗', 157, ''),
(874, '准格尔旗', 157, ''),
(875, '鄂托克前旗', 157, ''),
(876, '鄂托克旗', 157, ''),
(877, '杭锦旗', 157, ''),
(878, '乌审旗', 157, ''),
(879, '伊金霍洛旗', 157, ''),
(880, '海拉尔区', 158, ''),
(881, '阿荣旗', 158, ''),
(882, '莫力达瓦达斡尔族自治旗', 158, ''),
(883, '鄂伦春自治旗', 158, ''),
(884, '鄂温克族自治旗', 158, ''),
(885, '陈巴尔虎旗', 158, ''),
(886, '新巴尔虎左旗', 158, ''),
(887, '新巴尔虎右旗', 158, ''),
(888, '满洲里市', 158, ''),
(889, '牙克石市', 158, ''),
(890, '扎兰屯市', 158, ''),
(891, '额尔古纳市', 158, ''),
(892, '根河市', 158, ''),
(893, '临河区', 159, ''),
(894, '五原县', 159, ''),
(895, '磴口县', 159, ''),
(896, '乌拉特前旗', 159, ''),
(897, '乌拉特中旗', 159, ''),
(898, '乌拉特后旗', 159, ''),
(899, '杭锦后旗', 159, ''),
(900, '集宁区', 160, ''),
(901, '卓资县', 160, ''),
(902, '化德县', 160, ''),
(903, '商都县', 160, ''),
(904, '兴和县', 160, ''),
(905, '凉城县', 160, ''),
(906, '察哈尔右翼前旗', 160, ''),
(907, '察哈尔右翼中旗', 160, ''),
(908, '察哈尔右翼后旗', 160, ''),
(909, '四子王旗', 160, ''),
(910, '丰镇市', 160, ''),
(911, '乌兰浩特市', 161, ''),
(912, '阿尔山市', 161, ''),
(913, '科尔沁右翼前旗', 161, ''),
(914, '科尔沁右翼中旗', 161, ''),
(915, '扎赉特旗', 161, ''),
(916, '突泉县', 161, ''),
(917, '二连浩特市', 162, ''),
(918, '锡林浩特市', 162, ''),
(919, '阿巴嘎旗', 162, ''),
(920, '苏尼特左旗', 162, ''),
(921, '苏尼特右旗', 162, ''),
(922, '东乌珠穆沁旗', 162, ''),
(923, '西乌珠穆沁旗', 162, ''),
(924, '太仆寺旗', 162, ''),
(925, '镶黄旗', 162, ''),
(926, '正镶白旗', 162, ''),
(927, '正蓝旗', 162, ''),
(928, '多伦县', 162, ''),
(929, '阿拉善左旗', 163, ''),
(930, '阿拉善右旗', 163, ''),
(931, '额济纳旗', 163, ''),
(932, '和平区', 164, ''),
(933, '沈河区', 164, ''),
(934, '大东区', 164, ''),
(935, '皇姑区', 164, ''),
(936, '铁西区', 164, ''),
(937, '苏家屯区', 164, ''),
(938, '东陵区', 164, ''),
(939, '新城子区', 164, ''),
(940, '于洪区', 164, ''),
(941, '辽中县', 164, ''),
(942, '康平县', 164, ''),
(943, '法库县', 164, ''),
(944, '新民市', 164, ''),
(945, '中山区', 165, ''),
(946, '西岗区', 165, ''),
(947, '沙河口区', 165, ''),
(948, '甘井子区', 165, ''),
(949, '旅顺口区', 165, ''),
(950, '金州区', 165, ''),
(951, '长海县', 165, ''),
(952, '瓦房店市', 165, ''),
(953, '普兰店市', 165, ''),
(954, '庄河市', 165, ''),
(955, '铁东区', 166, ''),
(956, '铁西区', 166, ''),
(957, '立山区', 166, ''),
(958, '千山区', 166, ''),
(959, '台安县', 166, ''),
(960, '岫岩满族自治县', 166, ''),
(961, '海城市', 166, ''),
(962, '新抚区', 167, ''),
(963, '东洲区', 167, ''),
(964, '望花区', 167, ''),
(965, '顺城区', 167, ''),
(966, '抚顺县', 167, ''),
(967, '新宾满族自治县', 167, ''),
(968, '清原满族自治县', 167, ''),
(969, '平山区', 168, ''),
(970, '溪湖区', 168, ''),
(971, '明山区', 168, ''),
(972, '南芬区', 168, ''),
(973, '本溪满族自治县', 168, ''),
(974, '桓仁满族自治县', 168, ''),
(975, '元宝区', 169, ''),
(976, '振兴区', 169, ''),
(977, '振安区', 169, ''),
(978, '宽甸满族自治县', 169, ''),
(979, '东港市', 169, ''),
(980, '凤城市', 169, ''),
(981, '古塔区', 170, ''),
(982, '凌河区', 170, ''),
(983, '太和区', 170, ''),
(984, '黑山县', 170, ''),
(985, '义县', 170, ''),
(986, '凌海市', 170, ''),
(987, '北镇市', 170, ''),
(988, '站前区', 171, ''),
(989, '西市区', 171, ''),
(990, '鲅鱼圈区', 171, ''),
(991, '老边区', 171, ''),
(992, '盖州市', 171, ''),
(993, '大石桥市', 171, ''),
(994, '海州区', 172, ''),
(995, '新邱区', 172, ''),
(996, '太平区', 172, ''),
(997, '清河门区', 172, ''),
(998, '细河区', 172, ''),
(999, '阜新蒙古族自治县', 172, ''),
(1000, '彰武县', 172, ''),
(1001, '白塔区', 173, ''),
(1002, '文圣区', 173, ''),
(1003, '宏伟区', 173, ''),
(1004, '弓长岭区', 173, ''),
(1005, '太子河区', 173, ''),
(1006, '辽阳县', 173, ''),
(1007, '灯塔市', 173, ''),
(1008, '双台子区', 174, ''),
(1009, '兴隆台区', 174, ''),
(1010, '大洼县', 174, ''),
(1011, '盘山县', 174, ''),
(1012, '银州区', 175, ''),
(1013, '清河区', 175, ''),
(1014, '铁岭县', 175, ''),
(1015, '西丰县', 175, ''),
(1016, '昌图县', 175, ''),
(1017, '调兵山市', 175, ''),
(1018, '开原市', 175, ''),
(1019, '双塔区', 176, ''),
(1020, '龙城区', 176, ''),
(1021, '朝阳县', 176, ''),
(1022, '建平县', 176, ''),
(1023, '喀喇沁左翼蒙古族自治县', 176, ''),
(1024, '北票市', 176, ''),
(1025, '凌源市', 176, ''),
(1026, '连山区', 177, ''),
(1027, '龙港区', 177, ''),
(1028, '南票区', 177, ''),
(1029, '绥中县', 177, ''),
(1030, '建昌县', 177, ''),
(1031, '兴城市', 177, ''),
(1032, '南关区', 178, ''),
(1033, '宽城区', 178, ''),
(1034, '朝阳区', 178, ''),
(1035, '二道区', 178, ''),
(1036, '绿园区', 178, ''),
(1037, '双阳区', 178, ''),
(1038, '农安县', 178, ''),
(1039, '九台市', 178, ''),
(1040, '榆树市', 178, ''),
(1041, '德惠市', 178, ''),
(1042, '昌邑区', 179, ''),
(1043, '龙潭区', 179, ''),
(1044, '船营区', 179, ''),
(1045, '丰满区', 179, ''),
(1046, '永吉县', 179, ''),
(1047, '蛟河市', 179, ''),
(1048, '桦甸市', 179, ''),
(1049, '舒兰市', 179, ''),
(1050, '磐石市', 179, ''),
(1051, '铁西区', 180, ''),
(1052, '铁东区', 180, ''),
(1053, '梨树县', 180, ''),
(1054, '伊通满族自治县', 180, ''),
(1055, '公主岭市', 180, ''),
(1056, '双辽市', 180, ''),
(1057, '龙山区', 181, ''),
(1058, '西安区', 181, ''),
(1059, '东丰县', 181, ''),
(1060, '东辽县', 181, ''),
(1061, '东昌区', 182, ''),
(1062, '二道江区', 182, ''),
(1063, '通化县', 182, ''),
(1064, '辉南县', 182, ''),
(1065, '柳河县', 182, ''),
(1066, '梅河口市', 182, ''),
(1067, '集安市', 182, ''),
(1068, '八道江区', 183, ''),
(1069, '抚松县', 183, ''),
(1070, '靖宇县', 183, ''),
(1071, '长白朝鲜族自治县', 183, ''),
(1072, '江源县', 183, ''),
(1073, '临江市', 183, ''),
(1074, '宁江区', 184, ''),
(1075, '前郭尔罗斯蒙古族自治县', 184, ''),
(1076, '长岭县', 184, ''),
(1077, '乾安县', 184, ''),
(1078, '扶余县', 184, ''),
(1079, '洮北区', 185, ''),
(1080, '镇赉县', 185, ''),
(1081, '通榆县', 185, ''),
(1082, '洮南市', 185, ''),
(1083, '大安市', 185, ''),
(1084, '延吉市', 186, ''),
(1085, '图们市', 186, ''),
(1086, '敦化市', 186, ''),
(1087, '珲春市', 186, ''),
(1088, '龙井市', 186, ''),
(1089, '和龙市', 186, ''),
(1090, '汪清县', 186, ''),
(1091, '安图县', 186, ''),
(1092, '道里区', 187, ''),
(1093, '南岗区', 187, ''),
(1094, '道外区', 187, ''),
(1095, '香坊区', 187, ''),
(1096, '动力区', 187, ''),
(1097, '平房区', 187, ''),
(1098, '松北区', 187, ''),
(1099, '呼兰区', 187, ''),
(1100, '依兰县', 187, ''),
(1101, '方正县', 187, ''),
(1102, '宾县', 187, ''),
(1103, '巴彦县', 187, ''),
(1104, '木兰县', 187, ''),
(1105, '通河县', 187, ''),
(1106, '延寿县', 187, ''),
(1107, '阿城市', 187, ''),
(1108, '双城市', 187, ''),
(1109, '尚志市', 187, ''),
(1110, '五常市', 187, ''),
(1111, '龙沙区', 188, ''),
(1112, '建华区', 188, ''),
(1113, '铁锋区', 188, ''),
(1114, '昂昂溪区', 188, ''),
(1115, '富拉尔基区', 188, ''),
(1116, '碾子山区', 188, ''),
(1117, '梅里斯达斡尔族区', 188, ''),
(1118, '龙江县', 188, ''),
(1119, '依安县', 188, ''),
(1120, '泰来县', 188, ''),
(1121, '甘南县', 188, ''),
(1122, '富裕县', 188, ''),
(1123, '克山县', 188, ''),
(1124, '克东县', 188, ''),
(1125, '拜泉县', 188, ''),
(1126, '讷河市', 188, ''),
(1127, '鸡冠区', 189, ''),
(1128, '恒山区', 189, ''),
(1129, '滴道区', 189, ''),
(1130, '梨树区', 189, ''),
(1131, '城子河区', 189, ''),
(1132, '麻山区', 189, ''),
(1133, '鸡东县', 189, ''),
(1134, '虎林市', 189, ''),
(1135, '密山市', 189, ''),
(1136, '向阳区', 190, ''),
(1137, '工农区', 190, ''),
(1138, '南山区', 190, ''),
(1139, '兴安区', 190, ''),
(1140, '东山区', 190, ''),
(1141, '兴山区', 190, ''),
(1142, '萝北县', 190, ''),
(1143, '绥滨县', 190, ''),
(1144, '尖山区', 191, ''),
(1145, '岭东区', 191, ''),
(1146, '四方台区', 191, ''),
(1147, '宝山区', 191, ''),
(1148, '集贤县', 191, ''),
(1149, '友谊县', 191, ''),
(1150, '宝清县', 191, ''),
(1151, '饶河县', 191, ''),
(1152, '萨尔图区', 192, ''),
(1153, '龙凤区', 192, ''),
(1154, '让胡路区', 192, ''),
(1155, '红岗区', 192, ''),
(1156, '大同区', 192, ''),
(1157, '肇州县', 192, ''),
(1158, '肇源县', 192, ''),
(1159, '林甸县', 192, ''),
(1160, '杜尔伯特蒙古族自治县', 192, ''),
(1161, '伊春区', 193, ''),
(1162, '南岔区', 193, ''),
(1163, '友好区', 193, ''),
(1164, '西林区', 193, ''),
(1165, '翠峦区', 193, ''),
(1166, '新青区', 193, ''),
(1167, '美溪区', 193, ''),
(1168, '金山屯区', 193, ''),
(1169, '五营区', 193, ''),
(1170, '乌马河区', 193, ''),
(1171, '汤旺河区', 193, ''),
(1172, '带岭区', 193, ''),
(1173, '乌伊岭区', 193, ''),
(1174, '红星区', 193, ''),
(1175, '上甘岭区', 193, ''),
(1176, '嘉荫县', 193, ''),
(1177, '铁力市', 193, ''),
(1178, '永红区', 194, ''),
(1179, '向阳区', 194, ''),
(1180, '前进区', 194, ''),
(1181, '东风区', 194, ''),
(1182, '郊区', 194, ''),
(1183, '桦南县', 194, ''),
(1184, '桦川县', 194, ''),
(1185, '汤原县', 194, ''),
(1186, '抚远县', 194, ''),
(1187, '同江市', 194, ''),
(1188, '富锦市', 194, ''),
(1189, '新兴区', 195, ''),
(1190, '桃山区', 195, ''),
(1191, '茄子河区', 195, ''),
(1192, '勃利县', 195, ''),
(1193, '东安区', 196, ''),
(1194, '阳明区', 196, ''),
(1195, '爱民区', 196, ''),
(1196, '西安区', 196, ''),
(1197, '东宁县', 196, ''),
(1198, '林口县', 196, ''),
(1199, '绥芬河市', 196, ''),
(1200, '海林市', 196, ''),
(1201, '宁安市', 196, ''),
(1202, '穆棱市', 196, ''),
(1203, '爱辉区', 197, ''),
(1204, '嫩江县', 197, ''),
(1205, '逊克县', 197, ''),
(1206, '孙吴县', 197, ''),
(1207, '北安市', 197, ''),
(1208, '五大连池市', 197, ''),
(1209, '北林区', 198, ''),
(1210, '望奎县', 198, ''),
(1211, '兰西县', 198, ''),
(1212, '青冈县', 198, ''),
(1213, '庆安县', 198, ''),
(1214, '明水县', 198, ''),
(1215, '绥棱县', 198, ''),
(1216, '安达市', 198, ''),
(1217, '肇东市', 198, ''),
(1218, '海伦市', 198, ''),
(1219, '呼玛县', 199, ''),
(1220, '塔河县', 199, ''),
(1221, '漠河县', 199, ''),
(1222, '玄武区', 200, ''),
(1223, '白下区', 200, ''),
(1224, '秦淮区', 200, ''),
(1225, '建邺区', 200, ''),
(1226, '鼓楼区', 200, ''),
(1227, '下关区', 200, ''),
(1228, '浦口区', 200, ''),
(1229, '栖霞区', 200, ''),
(1230, '雨花台区', 200, ''),
(1231, '江宁区', 200, ''),
(1232, '六合区', 200, ''),
(1233, '溧水县', 200, ''),
(1234, '高淳县', 200, ''),
(1235, '崇安区', 201, ''),
(1236, '南长区', 201, ''),
(1237, '北塘区', 201, ''),
(1238, '锡山区', 201, ''),
(1239, '惠山区', 201, ''),
(1240, '滨湖区', 201, ''),
(1241, '江阴市', 201, ''),
(1242, '宜兴市', 201, ''),
(1243, '鼓楼区', 202, ''),
(1244, '云龙区', 202, ''),
(1245, '九里区', 202, ''),
(1246, '贾汪区', 202, ''),
(1247, '泉山区', 202, ''),
(1248, '丰县', 202, ''),
(1249, '沛县', 202, ''),
(1250, '铜山县', 202, ''),
(1251, '睢宁县', 202, ''),
(1252, '新沂市', 202, ''),
(1253, '邳州市', 202, ''),
(1254, '天宁区', 203, ''),
(1255, '钟楼区', 203, ''),
(1256, '戚墅堰区', 203, ''),
(1257, '新北区', 203, ''),
(1258, '武进区', 203, ''),
(1259, '溧阳市', 203, ''),
(1260, '金坛市', 203, ''),
(1261, '沧浪区', 204, ''),
(1262, '平江区', 204, ''),
(1263, '金阊区', 204, ''),
(1264, '虎丘区', 204, ''),
(1265, '吴中区', 204, ''),
(1266, '相城区', 204, ''),
(1267, '常熟市', 204, ''),
(1268, '张家港市', 204, ''),
(1269, '昆山市', 204, ''),
(1270, '吴江市', 204, ''),
(1271, '太仓市', 204, ''),
(1272, '崇川区', 205, ''),
(1273, '港闸区', 205, ''),
(1274, '海安县', 205, ''),
(1275, '如东县', 205, ''),
(1276, '启东市', 205, ''),
(1277, '如皋市', 205, ''),
(1278, '通州市', 205, ''),
(1279, '海门市', 205, ''),
(1280, '连云区', 206, ''),
(1281, '新浦区', 206, ''),
(1282, '海州区', 206, ''),
(1283, '赣榆县', 206, ''),
(1284, '东海县', 206, ''),
(1285, '灌云县', 206, ''),
(1286, '灌南县', 206, ''),
(1287, '清河区', 207, ''),
(1288, '楚州区', 207, ''),
(1289, '淮阴区', 207, ''),
(1290, '清浦区', 207, ''),
(1291, '涟水县', 207, ''),
(1292, '洪泽县', 207, ''),
(1293, '盱眙县', 207, ''),
(1294, '金湖县', 207, ''),
(1295, '亭湖区', 208, ''),
(1296, '盐都区', 208, ''),
(1297, '响水县', 208, ''),
(1298, '滨海县', 208, ''),
(1299, '阜宁县', 208, ''),
(1300, '射阳县', 208, ''),
(1301, '建湖县', 208, ''),
(1302, '东台市', 208, ''),
(1303, '大丰市', 208, ''),
(1304, '广陵区', 209, ''),
(1305, '邗江区', 209, ''),
(1306, '维扬区', 209, ''),
(1307, '宝应县', 209, ''),
(1308, '仪征市', 209, ''),
(1309, '高邮市', 209, ''),
(1310, '江都市', 209, ''),
(1311, '京口区', 210, ''),
(1312, '润州区', 210, ''),
(1313, '丹徒区', 210, ''),
(1314, '丹阳市', 210, ''),
(1315, '扬中市', 210, ''),
(1316, '句容市', 210, ''),
(1317, '海陵区', 211, ''),
(1318, '高港区', 211, ''),
(1319, '兴化市', 211, ''),
(1320, '靖江市', 211, ''),
(1321, '泰兴市', 211, ''),
(1322, '姜堰市', 211, ''),
(1323, '宿城区', 212, ''),
(1324, '宿豫区', 212, ''),
(1325, '沭阳县', 212, ''),
(1326, '泗阳县', 212, ''),
(1327, '泗洪县', 212, ''),
(1328, '上城区', 213, ''),
(1329, '下城区', 213, ''),
(1330, '江干区', 213, ''),
(1331, '拱墅区', 213, ''),
(1332, '西湖区', 213, ''),
(1333, '滨江区', 213, ''),
(1334, '萧山区', 213, ''),
(1335, '余杭区', 213, ''),
(1336, '桐庐县', 213, ''),
(1337, '淳安县', 213, ''),
(1338, '建德市', 213, ''),
(1339, '富阳市', 213, ''),
(1340, '临安市', 213, ''),
(1341, '海曙区', 214, ''),
(1342, '江东区', 214, ''),
(1343, '江北区', 214, ''),
(1344, '北仑区', 214, ''),
(1345, '镇海区', 214, ''),
(1346, '鄞州区', 214, ''),
(1347, '象山县', 214, ''),
(1348, '宁海县', 214, ''),
(1349, '余姚市', 214, ''),
(1350, '慈溪市', 214, ''),
(1351, '奉化市', 214, ''),
(1352, '鹿城区', 215, ''),
(1353, '龙湾区', 215, ''),
(1354, '瓯海区', 215, ''),
(1355, '洞头县', 215, ''),
(1356, '永嘉县', 215, ''),
(1357, '平阳县', 215, ''),
(1358, '苍南县', 215, ''),
(1359, '文成县', 215, ''),
(1360, '泰顺县', 215, ''),
(1361, '瑞安市', 215, ''),
(1362, '乐清市', 215, ''),
(1363, '秀城区', 216, ''),
(1364, '秀洲区', 216, ''),
(1365, '嘉善县', 216, ''),
(1366, '海盐县', 216, ''),
(1367, '海宁市', 216, ''),
(1368, '平湖市', 216, ''),
(1369, '桐乡市', 216, ''),
(1370, '吴兴区', 217, ''),
(1371, '南浔区', 217, ''),
(1372, '德清县', 217, ''),
(1373, '长兴县', 217, ''),
(1374, '安吉县', 217, ''),
(1375, '越城区', 218, ''),
(1376, '绍兴县', 218, ''),
(1377, '新昌县', 218, ''),
(1378, '诸暨市', 218, ''),
(1379, '上虞市', 218, ''),
(1380, '嵊州市', 218, ''),
(1381, '婺城区', 219, ''),
(1382, '金东区', 219, ''),
(1383, '武义县', 219, ''),
(1384, '浦江县', 219, ''),
(1385, '磐安县', 219, ''),
(1386, '兰溪市', 219, ''),
(1387, '义乌市', 219, ''),
(1388, '东阳市', 219, ''),
(1389, '永康市', 219, ''),
(1390, '柯城区', 220, ''),
(1391, '衢江区', 220, ''),
(1392, '常山县', 220, ''),
(1393, '开化县', 220, ''),
(1394, '龙游县', 220, ''),
(1395, '江山市', 220, ''),
(1396, '定海区', 221, ''),
(1397, '普陀区', 221, ''),
(1398, '岱山县', 221, ''),
(1399, '嵊泗县', 221, ''),
(1400, '椒江区', 222, ''),
(1401, '黄岩区', 222, ''),
(1402, '路桥区', 222, ''),
(1403, '玉环县', 222, ''),
(1404, '三门县', 222, ''),
(1405, '天台县', 222, ''),
(1406, '仙居县', 222, ''),
(1407, '温岭市', 222, ''),
(1408, '临海市', 222, ''),
(1409, '莲都区', 223, ''),
(1410, '青田县', 223, ''),
(1411, '缙云县', 223, ''),
(1412, '遂昌县', 223, ''),
(1413, '松阳县', 223, ''),
(1414, '云和县', 223, ''),
(1415, '庆元县', 223, ''),
(1416, '景宁畲族自治县', 223, ''),
(1417, '龙泉市', 223, ''),
(1418, '瑶海区', 224, ''),
(1419, '庐阳区', 224, ''),
(1420, '蜀山区', 224, ''),
(1421, '包河区', 224, ''),
(1422, '长丰县', 224, ''),
(1423, '肥东县', 224, ''),
(1424, '肥西县', 224, ''),
(1425, '镜湖区', 225, ''),
(1426, '弋江区', 225, ''),
(1427, '鸠江区', 225, ''),
(1428, '三山区', 225, ''),
(1429, '芜湖县', 225, ''),
(1430, '繁昌县', 225, ''),
(1431, '南陵县', 225, ''),
(1432, '龙子湖区', 226, ''),
(1433, '蚌山区', 226, ''),
(1434, '禹会区', 226, ''),
(1435, '淮上区', 226, ''),
(1436, '怀远县', 226, ''),
(1437, '五河县', 226, ''),
(1438, '固镇县', 226, ''),
(1439, '大通区', 227, ''),
(1440, '田家庵区', 227, ''),
(1441, '谢家集区', 227, ''),
(1442, '八公山区', 227, ''),
(1443, '潘集区', 227, ''),
(1444, '凤台县', 227, ''),
(1445, '金家庄区', 228, ''),
(1446, '花山区', 228, ''),
(1447, '雨山区', 228, ''),
(1448, '当涂县', 228, ''),
(1449, '杜集区', 229, ''),
(1450, '相山区', 229, ''),
(1451, '烈山区', 229, ''),
(1452, '濉溪县', 229, ''),
(1453, '铜官山区', 230, ''),
(1454, '狮子山区', 230, ''),
(1455, '郊区', 230, ''),
(1456, '铜陵县', 230, ''),
(1457, '迎江区', 231, ''),
(1458, '大观区', 231, ''),
(1459, '宜秀区', 231, ''),
(1460, '怀宁县', 231, ''),
(1461, '枞阳县', 231, ''),
(1462, '潜山县', 231, ''),
(1463, '太湖县', 231, ''),
(1464, '宿松县', 231, ''),
(1465, '望江县', 231, ''),
(1466, '岳西县', 231, ''),
(1467, '桐城市', 231, ''),
(1468, '屯溪区', 232, ''),
(1469, '黄山区', 232, ''),
(1470, '徽州区', 232, ''),
(1471, '歙县', 232, ''),
(1472, '休宁县', 232, ''),
(1473, '黟县', 232, ''),
(1474, '祁门县', 232, ''),
(1475, '琅琊区', 233, ''),
(1476, '南谯区', 233, ''),
(1477, '来安县', 233, ''),
(1478, '全椒县', 233, ''),
(1479, '定远县', 233, ''),
(1480, '凤阳县', 233, ''),
(1481, '天长市', 233, ''),
(1482, '明光市', 233, ''),
(1483, '颍州区', 234, ''),
(1484, '颍东区', 234, ''),
(1485, '颍泉区', 234, ''),
(1486, '临泉县', 234, ''),
(1487, '太和县', 234, ''),
(1488, '阜南县', 234, ''),
(1489, '颍上县', 234, ''),
(1490, '界首市', 234, ''),
(1491, '埇桥区', 235, ''),
(1492, '砀山县', 235, ''),
(1493, '萧县', 235, ''),
(1494, '灵璧县', 235, ''),
(1495, '泗县', 235, ''),
(1496, '居巢区', 236, ''),
(1497, '庐江县', 236, ''),
(1498, '无为县', 236, ''),
(1499, '含山县', 236, ''),
(1500, '和县', 236, ''),
(1501, '金安区', 237, ''),
(1502, '裕安区', 237, ''),
(1503, '寿县', 237, ''),
(1504, '霍邱县', 237, ''),
(1505, '舒城县', 237, ''),
(1506, '金寨县', 237, ''),
(1507, '霍山县', 237, ''),
(1508, '谯城区', 238, ''),
(1509, '涡阳县', 238, ''),
(1510, '蒙城县', 238, ''),
(1511, '利辛县', 238, ''),
(1512, '贵池区', 239, ''),
(1513, '东至县', 239, ''),
(1514, '石台县', 239, ''),
(1515, '青阳县', 239, ''),
(1516, '宣州区', 240, ''),
(1517, '郎溪县', 240, ''),
(1518, '广德县', 240, ''),
(1519, '泾县', 240, ''),
(1520, '绩溪县', 240, ''),
(1521, '旌德县', 240, ''),
(1522, '宁国市', 240, ''),
(1523, '鼓楼区', 241, ''),
(1524, '台江区', 241, ''),
(1525, '仓山区', 241, ''),
(1526, '马尾区', 241, ''),
(1527, '晋安区', 241, ''),
(1528, '闽侯县', 241, ''),
(1529, '连江县', 241, ''),
(1530, '罗源县', 241, ''),
(1531, '闽清县', 241, ''),
(1532, '永泰县', 241, ''),
(1533, '平潭县', 241, ''),
(1534, '福清市', 241, ''),
(1535, '长乐市', 241, ''),
(1536, '思明区', 242, ''),
(1537, '海沧区', 242, ''),
(1538, '湖里区', 242, ''),
(1539, '集美区', 242, ''),
(1540, '同安区', 242, ''),
(1541, '翔安区', 242, ''),
(1542, '城厢区', 243, ''),
(1543, '涵江区', 243, ''),
(1544, '荔城区', 243, ''),
(1545, '秀屿区', 243, ''),
(1546, '仙游县', 243, ''),
(1547, '梅列区', 244, ''),
(1548, '三元区', 244, ''),
(1549, '明溪县', 244, ''),
(1550, '清流县', 244, ''),
(1551, '宁化县', 244, ''),
(1552, '大田县', 244, ''),
(1553, '尤溪县', 244, ''),
(1554, '沙县', 244, ''),
(1555, '将乐县', 244, ''),
(1556, '泰宁县', 244, ''),
(1557, '建宁县', 244, ''),
(1558, '永安市', 244, ''),
(1559, '鲤城区', 245, ''),
(1560, '丰泽区', 245, ''),
(1561, '洛江区', 245, ''),
(1562, '泉港区', 245, ''),
(1563, '惠安县', 245, ''),
(1564, '安溪县', 245, ''),
(1565, '永春县', 245, ''),
(1566, '德化县', 245, ''),
(1567, '金门县', 245, ''),
(1568, '石狮市', 245, ''),
(1569, '晋江市', 245, ''),
(1570, '南安市', 245, ''),
(1571, '芗城区', 246, ''),
(1572, '龙文区', 246, ''),
(1573, '云霄县', 246, ''),
(1574, '漳浦县', 246, ''),
(1575, '诏安县', 246, ''),
(1576, '长泰县', 246, ''),
(1577, '东山县', 246, ''),
(1578, '南靖县', 246, ''),
(1579, '平和县', 246, ''),
(1580, '华安县', 246, ''),
(1581, '龙海市', 246, ''),
(1582, '延平区', 247, ''),
(1583, '顺昌县', 247, ''),
(1584, '浦城县', 247, ''),
(1585, '光泽县', 247, ''),
(1586, '松溪县', 247, ''),
(1587, '政和县', 247, ''),
(1588, '邵武市', 247, ''),
(1589, '武夷山市', 247, ''),
(1590, '建瓯市', 247, ''),
(1591, '建阳市', 247, ''),
(1592, '新罗区', 248, ''),
(1593, '长汀县', 248, ''),
(1594, '永定县', 248, ''),
(1595, '上杭县', 248, ''),
(1596, '武平县', 248, ''),
(1597, '连城县', 248, ''),
(1598, '漳平市', 248, ''),
(1599, '蕉城区', 249, ''),
(1600, '霞浦县', 249, ''),
(1601, '古田县', 249, ''),
(1602, '屏南县', 249, ''),
(1603, '寿宁县', 249, ''),
(1604, '周宁县', 249, ''),
(1605, '柘荣县', 249, ''),
(1606, '福安市', 249, ''),
(1607, '福鼎市', 249, ''),
(1608, '东湖区', 250, ''),
(1609, '西湖区', 250, ''),
(1610, '青云谱区', 250, ''),
(1611, '湾里区', 250, ''),
(1612, '青山湖区', 250, ''),
(1613, '南昌县', 250, ''),
(1614, '新建县', 250, ''),
(1615, '安义县', 250, ''),
(1616, '进贤县', 250, ''),
(1617, '昌江区', 251, ''),
(1618, '珠山区', 251, ''),
(1619, '浮梁县', 251, ''),
(1620, '乐平市', 251, ''),
(1621, '安源区', 252, ''),
(1622, '湘东区', 252, ''),
(1623, '莲花县', 252, ''),
(1624, '上栗县', 252, ''),
(1625, '芦溪县', 252, ''),
(1626, '庐山区', 253, ''),
(1627, '浔阳区', 253, ''),
(1628, '九江县', 253, ''),
(1629, '武宁县', 253, ''),
(1630, '修水县', 253, ''),
(1631, '永修县', 253, ''),
(1632, '德安县', 253, ''),
(1633, '星子县', 253, ''),
(1634, '都昌县', 253, ''),
(1635, '湖口县', 253, ''),
(1636, '彭泽县', 253, ''),
(1637, '瑞昌市', 253, ''),
(1638, '渝水区', 254, ''),
(1639, '分宜县', 254, ''),
(1640, '月湖区', 255, ''),
(1641, '余江县', 255, ''),
(1642, '贵溪市', 255, ''),
(1643, '章贡区', 256, ''),
(1644, '赣县', 256, ''),
(1645, '信丰县', 256, ''),
(1646, '大余县', 256, ''),
(1647, '上犹县', 256, ''),
(1648, '崇义县', 256, ''),
(1649, '安远县', 256, ''),
(1650, '龙南县', 256, ''),
(1651, '定南县', 256, ''),
(1652, '全南县', 256, ''),
(1653, '宁都县', 256, ''),
(1654, '于都县', 256, ''),
(1655, '兴国县', 256, ''),
(1656, '会昌县', 256, ''),
(1657, '寻乌县', 256, ''),
(1658, '石城县', 256, ''),
(1659, '瑞金市', 256, ''),
(1660, '南康市', 256, ''),
(1661, '吉州区', 257, ''),
(1662, '青原区', 257, ''),
(1663, '吉安县', 257, ''),
(1664, '吉水县', 257, ''),
(1665, '峡江县', 257, ''),
(1666, '新干县', 257, ''),
(1667, '永丰县', 257, ''),
(1668, '泰和县', 257, ''),
(1669, '遂川县', 257, ''),
(1670, '万安县', 257, ''),
(1671, '安福县', 257, ''),
(1672, '永新县', 257, ''),
(1673, '井冈山市', 257, ''),
(1674, '袁州区', 258, ''),
(1675, '奉新县', 258, ''),
(1676, '万载县', 258, ''),
(1677, '上高县', 258, ''),
(1678, '宜丰县', 258, ''),
(1679, '靖安县', 258, ''),
(1680, '铜鼓县', 258, ''),
(1681, '丰城市', 258, ''),
(1682, '樟树市', 258, ''),
(1683, '高安市', 258, ''),
(1684, '临川区', 259, ''),
(1685, '南城县', 259, ''),
(1686, '黎川县', 259, ''),
(1687, '南丰县', 259, ''),
(1688, '崇仁县', 259, ''),
(1689, '乐安县', 259, ''),
(1690, '宜黄县', 259, ''),
(1691, '金溪县', 259, ''),
(1692, '资溪县', 259, ''),
(1693, '东乡县', 259, ''),
(1694, '广昌县', 259, ''),
(1695, '信州区', 260, ''),
(1696, '上饶县', 260, ''),
(1697, '广丰县', 260, ''),
(1698, '玉山县', 260, ''),
(1699, '铅山县', 260, ''),
(1700, '横峰县', 260, ''),
(1701, '弋阳县', 260, ''),
(1702, '余干县', 260, ''),
(1703, '鄱阳县', 260, ''),
(1704, '万年县', 260, ''),
(1705, '婺源县', 260, ''),
(1706, '德兴市', 260, ''),
(1707, '历下区', 261, ''),
(1708, '市中区', 261, ''),
(1709, '槐荫区', 261, ''),
(1710, '天桥区', 261, ''),
(1711, '历城区', 261, ''),
(1712, '长清区', 261, ''),
(1713, '平阴县', 261, ''),
(1714, '济阳县', 261, ''),
(1715, '商河县', 261, ''),
(1716, '章丘市', 261, ''),
(1717, '市南区', 262, ''),
(1718, '市北区', 262, ''),
(1719, '四方区', 262, ''),
(1720, '黄岛区', 262, ''),
(1721, '崂山区', 262, ''),
(1722, '李沧区', 262, ''),
(1723, '城阳区', 262, ''),
(1724, '胶州市', 262, ''),
(1725, '即墨市', 262, ''),
(1726, '平度市', 262, ''),
(1727, '胶南市', 262, ''),
(1728, '莱西市', 262, ''),
(1729, '淄川区', 263, ''),
(1730, '张店区', 263, ''),
(1731, '博山区', 263, ''),
(1732, '临淄区', 263, ''),
(1733, '周村区', 263, ''),
(1734, '桓台县', 263, ''),
(1735, '高青县', 263, ''),
(1736, '沂源县', 263, ''),
(1737, '市中区', 264, ''),
(1738, '薛城区', 264, ''),
(1739, '峄城区', 264, ''),
(1740, '台儿庄区', 264, ''),
(1741, '山亭区', 264, ''),
(1742, '滕州市', 264, ''),
(1743, '东营区', 265, ''),
(1744, '河口区', 265, ''),
(1745, '垦利县', 265, ''),
(1746, '利津县', 265, ''),
(1747, '广饶县', 265, ''),
(1748, '芝罘区', 266, ''),
(1749, '福山区', 266, ''),
(1750, '牟平区', 266, ''),
(1751, '莱山区', 266, ''),
(1752, '长岛县', 266, ''),
(1753, '龙口市', 266, ''),
(1754, '莱阳市', 266, ''),
(1755, '莱州市', 266, ''),
(1756, '蓬莱市', 266, ''),
(1757, '招远市', 266, ''),
(1758, '栖霞市', 266, ''),
(1759, '海阳市', 266, ''),
(1760, '潍城区', 267, ''),
(1761, '寒亭区', 267, ''),
(1762, '坊子区', 267, ''),
(1763, '奎文区', 267, ''),
(1764, '临朐县', 267, ''),
(1765, '昌乐县', 267, ''),
(1766, '青州市', 267, ''),
(1767, '诸城市', 267, ''),
(1768, '寿光市', 267, ''),
(1769, '安丘市', 267, ''),
(1770, '高密市', 267, ''),
(1771, '昌邑市', 267, ''),
(1772, '市中区', 268, ''),
(1773, '任城区', 268, ''),
(1774, '微山县', 268, ''),
(1775, '鱼台县', 268, ''),
(1776, '金乡县', 268, ''),
(1777, '嘉祥县', 268, ''),
(1778, '汶上县', 268, ''),
(1779, '泗水县', 268, ''),
(1780, '梁山县', 268, ''),
(1781, '曲阜市', 268, ''),
(1782, '兖州市', 268, ''),
(1783, '邹城市', 268, ''),
(1784, '泰山区', 269, ''),
(1785, '岱岳区', 269, ''),
(1786, '宁阳县', 269, ''),
(1787, '东平县', 269, ''),
(1788, '新泰市', 269, ''),
(1789, '肥城市', 269, ''),
(1790, '环翠区', 270, ''),
(1791, '文登市', 270, ''),
(1792, '荣成市', 270, ''),
(1793, '乳山市', 270, ''),
(1794, '东港区', 271, ''),
(1795, '岚山区', 271, ''),
(1796, '五莲县', 271, ''),
(1797, '莒县', 271, ''),
(1798, '莱城区', 272, ''),
(1799, '钢城区', 272, ''),
(1800, '兰山区', 273, ''),
(1801, '罗庄区', 273, ''),
(1802, '河东区', 273, ''),
(1803, '沂南县', 273, ''),
(1804, '郯城县', 273, ''),
(1805, '沂水县', 273, ''),
(1806, '苍山县', 273, ''),
(1807, '费县', 273, ''),
(1808, '平邑县', 273, ''),
(1809, '莒南县', 273, ''),
(1810, '蒙阴县', 273, ''),
(1811, '临沭县', 273, ''),
(1812, '德城区', 274, ''),
(1813, '陵县', 274, '');
INSERT INTO `ewshop_area` (`id`, `name`, `pid`, `areacode`) VALUES
(1814, '宁津县', 274, ''),
(1815, '庆云县', 274, ''),
(1816, '临邑县', 274, ''),
(1817, '齐河县', 274, ''),
(1818, '平原县', 274, ''),
(1819, '夏津县', 274, ''),
(1820, '武城县', 274, ''),
(1821, '乐陵市', 274, ''),
(1822, '禹城市', 274, ''),
(1823, '东昌府区', 275, ''),
(1824, '阳谷县', 275, ''),
(1825, '莘县', 275, ''),
(1826, '茌平县', 275, ''),
(1827, '东阿县', 275, ''),
(1828, '冠县', 275, ''),
(1829, '高唐县', 275, ''),
(1830, '临清市', 275, ''),
(1831, '滨城区', 276, ''),
(1832, '惠民县', 276, ''),
(1833, '阳信县', 276, ''),
(1834, '无棣县', 276, ''),
(1835, '沾化县', 276, ''),
(1836, '博兴县', 276, ''),
(1837, '邹平县', 276, ''),
(1838, '牡丹区', 277, ''),
(1839, '曹县', 277, ''),
(1840, '单县', 277, ''),
(1841, '成武县', 277, ''),
(1842, '巨野县', 277, ''),
(1843, '郓城县', 277, ''),
(1844, '鄄城县', 277, ''),
(1845, '定陶县', 277, ''),
(1846, '东明县', 277, ''),
(1847, '中原区', 278, ''),
(1848, '二七区', 278, ''),
(1849, '管城回族区', 278, ''),
(1850, '金水区', 278, ''),
(1851, '上街区', 278, ''),
(1852, '惠济区', 278, ''),
(1853, '中牟县', 278, ''),
(1854, '巩义市', 278, ''),
(1855, '荥阳市', 278, ''),
(1856, '新密市', 278, ''),
(1857, '新郑市', 278, ''),
(1858, '登封市', 278, ''),
(1859, '龙亭区', 279, ''),
(1860, '顺河回族区', 279, ''),
(1861, '鼓楼区', 279, ''),
(1862, '禹王台区', 279, ''),
(1863, '金明区', 279, ''),
(1864, '杞县', 279, ''),
(1865, '通许县', 279, ''),
(1866, '尉氏县', 279, ''),
(1867, '开封县', 279, ''),
(1868, '兰考县', 279, ''),
(1869, '老城区', 280, ''),
(1870, '西工区', 280, ''),
(1871, '廛河回族区', 280, ''),
(1872, '涧西区', 280, ''),
(1873, '吉利区', 280, ''),
(1874, '洛龙区', 280, ''),
(1875, '孟津县', 280, ''),
(1876, '新安县', 280, ''),
(1877, '栾川县', 280, ''),
(1878, '嵩县', 280, ''),
(1879, '汝阳县', 280, ''),
(1880, '宜阳县', 280, ''),
(1881, '洛宁县', 280, ''),
(1882, '伊川县', 280, ''),
(1883, '偃师市', 280, ''),
(1884, '新华区', 281, ''),
(1885, '卫东区', 281, ''),
(1886, '石龙区', 281, ''),
(1887, '湛河区', 281, ''),
(1888, '宝丰县', 281, ''),
(1889, '叶县', 281, ''),
(1890, '鲁山县', 281, ''),
(1891, '郏县', 281, ''),
(1892, '舞钢市', 281, ''),
(1893, '汝州市', 281, ''),
(1894, '文峰区', 282, ''),
(1895, '北关区', 282, ''),
(1896, '殷都区', 282, ''),
(1897, '龙安区', 282, ''),
(1898, '安阳县', 282, ''),
(1899, '汤阴县', 282, ''),
(1900, '滑县', 282, ''),
(1901, '内黄县', 282, ''),
(1902, '林州市', 282, ''),
(1903, '鹤山区', 283, ''),
(1904, '山城区', 283, ''),
(1905, '淇滨区', 283, ''),
(1906, '浚县', 283, ''),
(1907, '淇县', 283, ''),
(1908, '红旗区', 284, ''),
(1909, '卫滨区', 284, ''),
(1910, '凤泉区', 284, ''),
(1911, '牧野区', 284, ''),
(1912, '新乡县', 284, ''),
(1913, '获嘉县', 284, ''),
(1914, '原阳县', 284, ''),
(1915, '延津县', 284, ''),
(1916, '封丘县', 284, ''),
(1917, '长垣县', 284, ''),
(1918, '卫辉市', 284, ''),
(1919, '辉县市', 284, ''),
(1920, '解放区', 285, ''),
(1921, '中站区', 285, ''),
(1922, '马村区', 285, ''),
(1923, '山阳区', 285, ''),
(1924, '修武县', 285, ''),
(1925, '博爱县', 285, ''),
(1926, '武陟县', 285, ''),
(1927, '温县', 285, ''),
(1928, '济源市', 285, ''),
(1929, '沁阳市', 285, ''),
(1930, '孟州市', 285, ''),
(1931, '华龙区', 286, ''),
(1932, '清丰县', 286, ''),
(1933, '南乐县', 286, ''),
(1934, '范县', 286, ''),
(1935, '台前县', 286, ''),
(1936, '濮阳县', 286, ''),
(1937, '魏都区', 287, ''),
(1938, '许昌县', 287, ''),
(1939, '鄢陵县', 287, ''),
(1940, '襄城县', 287, ''),
(1941, '禹州市', 287, ''),
(1942, '长葛市', 287, ''),
(1943, '源汇区', 288, ''),
(1944, '郾城区', 288, ''),
(1945, '召陵区', 288, ''),
(1946, '舞阳县', 288, ''),
(1947, '临颍县', 288, ''),
(1948, '湖滨区', 289, ''),
(1949, '渑池县', 289, ''),
(1950, '陕县', 289, ''),
(1951, '卢氏县', 289, ''),
(1952, '义马市', 289, ''),
(1953, '灵宝市', 289, ''),
(1954, '宛城区', 290, ''),
(1955, '卧龙区', 290, ''),
(1956, '南召县', 290, ''),
(1957, '方城县', 290, ''),
(1958, '西峡县', 290, ''),
(1959, '镇平县', 290, ''),
(1960, '内乡县', 290, ''),
(1961, '淅川县', 290, ''),
(1962, '社旗县', 290, ''),
(1963, '唐河县', 290, ''),
(1964, '新野县', 290, ''),
(1965, '桐柏县', 290, ''),
(1966, '邓州市', 290, ''),
(1967, '梁园区', 291, ''),
(1968, '睢阳区', 291, ''),
(1969, '民权县', 291, ''),
(1970, '睢县', 291, ''),
(1971, '宁陵县', 291, ''),
(1972, '柘城县', 291, ''),
(1973, '虞城县', 291, ''),
(1974, '夏邑县', 291, ''),
(1975, '永城市', 291, ''),
(1976, '浉河区', 292, ''),
(1977, '平桥区', 292, ''),
(1978, '罗山县', 292, ''),
(1979, '光山县', 292, ''),
(1980, '新县', 292, ''),
(1981, '商城县', 292, ''),
(1982, '固始县', 292, ''),
(1983, '潢川县', 292, ''),
(1984, '淮滨县', 292, ''),
(1985, '息县', 292, ''),
(1986, '川汇区', 293, ''),
(1987, '扶沟县', 293, ''),
(1988, '西华县', 293, ''),
(1989, '商水县', 293, ''),
(1990, '沈丘县', 293, ''),
(1991, '郸城县', 293, ''),
(1992, '淮阳县', 293, ''),
(1993, '太康县', 293, ''),
(1994, '鹿邑县', 293, ''),
(1995, '项城市', 293, ''),
(1996, '驿城区', 294, ''),
(1997, '西平县', 294, ''),
(1998, '上蔡县', 294, ''),
(1999, '平舆县', 294, ''),
(2000, '正阳县', 294, ''),
(2001, '确山县', 294, ''),
(2002, '泌阳县', 294, ''),
(2003, '汝南县', 294, ''),
(2004, '遂平县', 294, ''),
(2005, '新蔡县', 294, ''),
(2006, '江岸区', 295, ''),
(2007, '江汉区', 295, ''),
(2008, '硚口区', 295, ''),
(2009, '汉阳区', 295, ''),
(2010, '武昌区', 295, ''),
(2011, '青山区', 295, ''),
(2012, '洪山区', 295, ''),
(2013, '东西湖区', 295, ''),
(2014, '汉南区', 295, ''),
(2015, '蔡甸区', 295, ''),
(2016, '江夏区', 295, ''),
(2017, '黄陂区', 295, ''),
(2018, '新洲区', 295, ''),
(2019, '黄石港区', 296, ''),
(2020, '西塞山区', 296, ''),
(2021, '下陆区', 296, ''),
(2022, '铁山区', 296, ''),
(2023, '阳新县', 296, ''),
(2024, '大冶市', 296, ''),
(2025, '茅箭区', 297, ''),
(2026, '张湾区', 297, ''),
(2027, '郧县', 297, ''),
(2028, '郧西县', 297, ''),
(2029, '竹山县', 297, ''),
(2030, '竹溪县', 297, ''),
(2031, '房县', 297, ''),
(2032, '丹江口市', 297, ''),
(2033, '西陵区', 298, ''),
(2034, '伍家岗区', 298, ''),
(2035, '点军区', 298, ''),
(2036, '猇亭区', 298, ''),
(2037, '夷陵区', 298, ''),
(2038, '远安县', 298, ''),
(2039, '兴山县', 298, ''),
(2040, '秭归县', 298, ''),
(2041, '长阳土家族自治县', 298, ''),
(2042, '五峰土家族自治县', 298, ''),
(2043, '宜都市', 298, ''),
(2044, '当阳市', 298, ''),
(2045, '枝江市', 298, ''),
(2046, '襄城区', 299, ''),
(2047, '樊城区', 299, ''),
(2048, '襄阳区', 299, ''),
(2049, '南漳县', 299, ''),
(2050, '谷城县', 299, ''),
(2051, '保康县', 299, ''),
(2052, '老河口市', 299, ''),
(2053, '枣阳市', 299, ''),
(2054, '宜城市', 299, ''),
(2055, '梁子湖区', 300, ''),
(2056, '华容区', 300, ''),
(2057, '鄂城区', 300, ''),
(2058, '东宝区', 301, ''),
(2059, '掇刀区', 301, ''),
(2060, '京山县', 301, ''),
(2061, '沙洋县', 301, ''),
(2062, '钟祥市', 301, ''),
(2063, '孝南区', 302, ''),
(2064, '孝昌县', 302, ''),
(2065, '大悟县', 302, ''),
(2066, '云梦县', 302, ''),
(2067, '应城市', 302, ''),
(2068, '安陆市', 302, ''),
(2069, '汉川市', 302, ''),
(2070, '沙市区', 303, ''),
(2071, '荆州区', 303, ''),
(2072, '公安县', 303, ''),
(2073, '监利县', 303, ''),
(2074, '江陵县', 303, ''),
(2075, '石首市', 303, ''),
(2076, '洪湖市', 303, ''),
(2077, '松滋市', 303, ''),
(2078, '黄州区', 304, ''),
(2079, '团风县', 304, ''),
(2080, '红安县', 304, ''),
(2081, '罗田县', 304, ''),
(2082, '英山县', 304, ''),
(2083, '浠水县', 304, ''),
(2084, '蕲春县', 304, ''),
(2085, '黄梅县', 304, ''),
(2086, '麻城市', 304, ''),
(2087, '武穴市', 304, ''),
(2088, '咸安区', 305, ''),
(2089, '嘉鱼县', 305, ''),
(2090, '通城县', 305, ''),
(2091, '崇阳县', 305, ''),
(2092, '通山县', 305, ''),
(2093, '赤壁市', 305, ''),
(2094, '曾都区', 306, ''),
(2095, '广水市', 306, ''),
(2096, '恩施市', 307, ''),
(2097, '利川市', 307, ''),
(2098, '建始县', 307, ''),
(2099, '巴东县', 307, ''),
(2100, '宣恩县', 307, ''),
(2101, '咸丰县', 307, ''),
(2102, '来凤县', 307, ''),
(2103, '鹤峰县', 307, ''),
(2104, '芙蓉区', 312, ''),
(2105, '天心区', 312, ''),
(2106, '岳麓区', 312, ''),
(2107, '开福区', 312, ''),
(2108, '雨花区', 312, ''),
(2109, '长沙县', 312, ''),
(2110, '望城县', 312, ''),
(2111, '宁乡县', 312, ''),
(2112, '浏阳市', 312, ''),
(2113, '荷塘区', 313, ''),
(2114, '芦淞区', 313, ''),
(2115, '石峰区', 313, ''),
(2116, '天元区', 313, ''),
(2117, '株洲县', 313, ''),
(2118, '攸县', 313, ''),
(2119, '茶陵县', 313, ''),
(2120, '炎陵县', 313, ''),
(2121, '醴陵市', 313, ''),
(2122, '雨湖区', 314, ''),
(2123, '岳塘区', 314, ''),
(2124, '湘潭县', 314, ''),
(2125, '湘乡市', 314, ''),
(2126, '韶山市', 314, ''),
(2127, '珠晖区', 315, ''),
(2128, '雁峰区', 315, ''),
(2129, '石鼓区', 315, ''),
(2130, '蒸湘区', 315, ''),
(2131, '南岳区', 315, ''),
(2132, '衡阳县', 315, ''),
(2133, '衡南县', 315, ''),
(2134, '衡山县', 315, ''),
(2135, '衡东县', 315, ''),
(2136, '祁东县', 315, ''),
(2137, '耒阳市', 315, ''),
(2138, '常宁市', 315, ''),
(2139, '双清区', 316, ''),
(2140, '大祥区', 316, ''),
(2141, '北塔区', 316, ''),
(2142, '邵东县', 316, ''),
(2143, '新邵县', 316, ''),
(2144, '邵阳县', 316, ''),
(2145, '隆回县', 316, ''),
(2146, '洞口县', 316, ''),
(2147, '绥宁县', 316, ''),
(2148, '新宁县', 316, ''),
(2149, '城步苗族自治县', 316, ''),
(2150, '武冈市', 316, ''),
(2151, '岳阳楼区', 317, ''),
(2152, '云溪区', 317, ''),
(2153, '君山区', 317, ''),
(2154, '岳阳县', 317, ''),
(2155, '华容县', 317, ''),
(2156, '湘阴县', 317, ''),
(2157, '平江县', 317, ''),
(2158, '汨罗市', 317, ''),
(2159, '临湘市', 317, ''),
(2160, '武陵区', 318, ''),
(2161, '鼎城区', 318, ''),
(2162, '安乡县', 318, ''),
(2163, '汉寿县', 318, ''),
(2164, '澧县', 318, ''),
(2165, '临澧县', 318, ''),
(2166, '桃源县', 318, ''),
(2167, '石门县', 318, ''),
(2168, '津市市', 318, ''),
(2169, '永定区', 319, ''),
(2170, '武陵源区', 319, ''),
(2171, '慈利县', 319, ''),
(2172, '桑植县', 319, ''),
(2173, '资阳区', 320, ''),
(2174, '赫山区', 320, ''),
(2175, '南县', 320, ''),
(2176, '桃江县', 320, ''),
(2177, '安化县', 320, ''),
(2178, '沅江市', 320, ''),
(2179, '北湖区', 321, ''),
(2180, '苏仙区', 321, ''),
(2181, '桂阳县', 321, ''),
(2182, '宜章县', 321, ''),
(2183, '永兴县', 321, ''),
(2184, '嘉禾县', 321, ''),
(2185, '临武县', 321, ''),
(2186, '汝城县', 321, ''),
(2187, '桂东县', 321, ''),
(2188, '安仁县', 321, ''),
(2189, '资兴市', 321, ''),
(2190, '零陵区', 322, ''),
(2191, '冷水滩区', 322, ''),
(2192, '祁阳县', 322, ''),
(2193, '东安县', 322, ''),
(2194, '双牌县', 322, ''),
(2195, '道县', 322, ''),
(2196, '江永县', 322, ''),
(2197, '宁远县', 322, ''),
(2198, '蓝山县', 322, ''),
(2199, '新田县', 322, ''),
(2200, '江华瑶族自治县', 322, ''),
(2201, '鹤城区', 323, ''),
(2202, '中方县', 323, ''),
(2203, '沅陵县', 323, ''),
(2204, '辰溪县', 323, ''),
(2205, '溆浦县', 323, ''),
(2206, '会同县', 323, ''),
(2207, '麻阳苗族自治县', 323, ''),
(2208, '新晃侗族自治县', 323, ''),
(2209, '芷江侗族自治县', 323, ''),
(2210, '靖州苗族侗族自治县', 323, ''),
(2211, '通道侗族自治县', 323, ''),
(2212, '洪江市', 323, ''),
(2213, '娄星区', 324, ''),
(2214, '双峰县', 324, ''),
(2215, '新化县', 324, ''),
(2216, '冷水江市', 324, ''),
(2217, '涟源市', 324, ''),
(2218, '吉首市', 325, ''),
(2219, '泸溪县', 325, ''),
(2220, '凤凰县', 325, ''),
(2221, '花垣县', 325, ''),
(2222, '保靖县', 325, ''),
(2223, '古丈县', 325, ''),
(2224, '永顺县', 325, ''),
(2225, '龙山县', 325, ''),
(2226, '荔湾区', 326, ''),
(2227, '越秀区', 326, ''),
(2228, '海珠区', 326, ''),
(2229, '天河区', 326, ''),
(2230, '白云区', 326, ''),
(2231, '黄埔区', 326, ''),
(2232, '番禺区', 326, ''),
(2233, '花都区', 326, ''),
(2234, '南沙区', 326, ''),
(2235, '萝岗区', 326, ''),
(2236, '增城市', 326, ''),
(2237, '从化市', 326, ''),
(2238, '武江区', 327, ''),
(2239, '浈江区', 327, ''),
(2240, '曲江区', 327, ''),
(2241, '始兴县', 327, ''),
(2242, '仁化县', 327, ''),
(2243, '翁源县', 327, ''),
(2244, '乳源瑶族自治县', 327, ''),
(2245, '新丰县', 327, ''),
(2246, '乐昌市', 327, ''),
(2247, '南雄市', 327, ''),
(2248, '罗湖区', 328, ''),
(2249, '福田区', 328, ''),
(2250, '南山区', 328, ''),
(2251, '宝安区', 328, ''),
(2252, '龙岗区', 328, ''),
(2253, '盐田区', 328, ''),
(2254, '香洲区', 329, ''),
(2255, '斗门区', 329, ''),
(2256, '金湾区', 329, ''),
(2257, '龙湖区', 330, ''),
(2258, '金平区', 330, ''),
(2259, '濠江区', 330, ''),
(2260, '潮阳区', 330, ''),
(2261, '潮南区', 330, ''),
(2262, '澄海区', 330, ''),
(2263, '南澳县', 330, ''),
(2264, '禅城区', 331, ''),
(2265, '南海区', 331, ''),
(2266, '顺德区', 331, ''),
(2267, '三水区', 331, ''),
(2268, '高明区', 331, ''),
(2269, '蓬江区', 332, ''),
(2270, '江海区', 332, ''),
(2271, '新会区', 332, ''),
(2272, '台山市', 332, ''),
(2273, '开平市', 332, ''),
(2274, '鹤山市', 332, ''),
(2275, '恩平市', 332, ''),
(2276, '赤坎区', 333, ''),
(2277, '霞山区', 333, ''),
(2278, '坡头区', 333, ''),
(2279, '麻章区', 333, ''),
(2280, '遂溪县', 333, ''),
(2281, '徐闻县', 333, ''),
(2282, '廉江市', 333, ''),
(2283, '雷州市', 333, ''),
(2284, '吴川市', 333, ''),
(2285, '茂南区', 334, ''),
(2286, '茂港区', 334, ''),
(2287, '电白县', 334, ''),
(2288, '高州市', 334, ''),
(2289, '化州市', 334, ''),
(2290, '信宜市', 334, ''),
(2291, '端州区', 335, ''),
(2292, '鼎湖区', 335, ''),
(2293, '广宁县', 335, ''),
(2294, '怀集县', 335, ''),
(2295, '封开县', 335, ''),
(2296, '德庆县', 335, ''),
(2297, '高要市', 335, ''),
(2298, '四会市', 335, ''),
(2299, '惠城区', 336, ''),
(2300, '惠阳区', 336, ''),
(2301, '博罗县', 336, ''),
(2302, '惠东县', 336, ''),
(2303, '龙门县', 336, ''),
(2304, '梅江区', 337, ''),
(2305, '梅县', 337, ''),
(2306, '大埔县', 337, ''),
(2307, '丰顺县', 337, ''),
(2308, '五华县', 337, ''),
(2309, '平远县', 337, ''),
(2310, '蕉岭县', 337, ''),
(2311, '兴宁市', 337, ''),
(2312, '城区', 338, ''),
(2313, '海丰县', 338, ''),
(2314, '陆河县', 338, ''),
(2315, '陆丰市', 338, ''),
(2316, '源城区', 339, ''),
(2317, '紫金县', 339, ''),
(2318, '龙川县', 339, ''),
(2319, '连平县', 339, ''),
(2320, '和平县', 339, ''),
(2321, '东源县', 339, ''),
(2322, '江城区', 340, ''),
(2323, '阳西县', 340, ''),
(2324, '阳东县', 340, ''),
(2325, '阳春市', 340, ''),
(2326, '清城区', 341, ''),
(2327, '佛冈县', 341, ''),
(2328, '阳山县', 341, ''),
(2329, '连山壮族瑶族自治县', 341, ''),
(2330, '连南瑶族自治县', 341, ''),
(2331, '清新县', 341, ''),
(2332, '英德市', 341, ''),
(2333, '连州市', 341, ''),
(2334, '湘桥区', 344, ''),
(2335, '潮安县', 344, ''),
(2336, '饶平县', 344, ''),
(2337, '榕城区', 345, ''),
(2338, '揭东县', 345, ''),
(2339, '揭西县', 345, ''),
(2340, '惠来县', 345, ''),
(2341, '普宁市', 345, ''),
(2342, '云城区', 346, ''),
(2343, '新兴县', 346, ''),
(2344, '郁南县', 346, ''),
(2345, '云安县', 346, ''),
(2346, '罗定市', 346, ''),
(2347, '兴宁区', 347, ''),
(2348, '青秀区', 347, ''),
(2349, '江南区', 347, ''),
(2350, '西乡塘区', 347, ''),
(2351, '良庆区', 347, ''),
(2352, '邕宁区', 347, ''),
(2353, '武鸣县', 347, ''),
(2354, '隆安县', 347, ''),
(2355, '马山县', 347, ''),
(2356, '上林县', 347, ''),
(2357, '宾阳县', 347, ''),
(2358, '横县', 347, ''),
(2359, '城中区', 348, ''),
(2360, '鱼峰区', 348, ''),
(2361, '柳南区', 348, ''),
(2362, '柳北区', 348, ''),
(2363, '柳江县', 348, ''),
(2364, '柳城县', 348, ''),
(2365, '鹿寨县', 348, ''),
(2366, '融安县', 348, ''),
(2367, '融水苗族自治县', 348, ''),
(2368, '三江侗族自治县', 348, ''),
(2369, '秀峰区', 349, ''),
(2370, '叠彩区', 349, ''),
(2371, '象山区', 349, ''),
(2372, '七星区', 349, ''),
(2373, '雁山区', 349, ''),
(2374, '阳朔县', 349, ''),
(2375, '临桂县', 349, ''),
(2376, '灵川县', 349, ''),
(2377, '全州县', 349, ''),
(2378, '兴安县', 349, ''),
(2379, '永福县', 349, ''),
(2380, '灌阳县', 349, ''),
(2381, '龙胜各族自治县', 349, ''),
(2382, '资源县', 349, ''),
(2383, '平乐县', 349, ''),
(2384, '荔蒲县', 349, ''),
(2385, '恭城瑶族自治县', 349, ''),
(2386, '万秀区', 350, ''),
(2387, '蝶山区', 350, ''),
(2388, '长洲区', 350, ''),
(2389, '苍梧县', 350, ''),
(2390, '藤县', 350, ''),
(2391, '蒙山县', 350, ''),
(2392, '岑溪市', 350, ''),
(2393, '海城区', 351, ''),
(2394, '银海区', 351, ''),
(2395, '铁山港区', 351, ''),
(2396, '合浦县', 351, ''),
(2397, '港口区', 352, ''),
(2398, '防城区', 352, ''),
(2399, '上思县', 352, ''),
(2400, '东兴市', 352, ''),
(2401, '钦南区', 353, ''),
(2402, '钦北区', 353, ''),
(2403, '灵山县', 353, ''),
(2404, '浦北县', 353, ''),
(2405, '港北区', 354, ''),
(2406, '港南区', 354, ''),
(2407, '覃塘区', 354, ''),
(2408, '平南县', 354, ''),
(2409, '桂平市', 354, ''),
(2410, '玉州区', 355, ''),
(2411, '容县', 355, ''),
(2412, '陆川县', 355, ''),
(2413, '博白县', 355, ''),
(2414, '兴业县', 355, ''),
(2415, '北流市', 355, ''),
(2416, '右江区', 356, ''),
(2417, '田阳县', 356, ''),
(2418, '田东县', 356, ''),
(2419, '平果县', 356, ''),
(2420, '德保县', 356, ''),
(2421, '靖西县', 356, ''),
(2422, '那坡县', 356, ''),
(2423, '凌云县', 356, ''),
(2424, '乐业县', 356, ''),
(2425, '田林县', 356, ''),
(2426, '西林县', 356, ''),
(2427, '隆林各族自治县', 356, ''),
(2428, '八步区', 357, ''),
(2429, '昭平县', 357, ''),
(2430, '钟山县', 357, ''),
(2431, '富川瑶族自治县', 357, ''),
(2432, '金城江区', 358, ''),
(2433, '南丹县', 358, ''),
(2434, '天峨县', 358, ''),
(2435, '凤山县', 358, ''),
(2436, '东兰县', 358, ''),
(2437, '罗城仫佬族自治县', 358, ''),
(2438, '环江毛南族自治县', 358, ''),
(2439, '巴马瑶族自治县', 358, ''),
(2440, '都安瑶族自治县', 358, ''),
(2441, '大化瑶族自治县', 358, ''),
(2442, '宜州市', 358, ''),
(2443, '兴宾区', 359, ''),
(2444, '忻城县', 359, ''),
(2445, '象州县', 359, ''),
(2446, '武宣县', 359, ''),
(2447, '金秀瑶族自治县', 359, ''),
(2448, '合山市', 359, ''),
(2449, '江洲区', 360, ''),
(2450, '扶绥县', 360, ''),
(2451, '宁明县', 360, ''),
(2452, '龙州县', 360, ''),
(2453, '大新县', 360, ''),
(2454, '天等县', 360, ''),
(2455, '凭祥市', 360, ''),
(2456, '秀英区', 361, ''),
(2457, '龙华区', 361, ''),
(2458, '琼山区', 361, ''),
(2459, '美兰区', 361, ''),
(2460, '锦江区', 382, ''),
(2461, '青羊区', 382, ''),
(2462, '金牛区', 382, ''),
(2463, '武侯区', 382, ''),
(2464, '成华区', 382, ''),
(2465, '龙泉驿区', 382, ''),
(2466, '青白江区', 382, ''),
(2467, '新都区', 382, ''),
(2468, '温江区', 382, ''),
(2469, '金堂县', 382, ''),
(2470, '双流县', 382, ''),
(2471, '郫县', 382, ''),
(2472, '大邑县', 382, ''),
(2473, '蒲江县', 382, ''),
(2474, '新津县', 382, ''),
(2475, '都江堰市', 382, ''),
(2476, '彭州市', 382, ''),
(2477, '邛崃市', 382, ''),
(2478, '崇州市', 382, ''),
(2479, '自流井区', 383, ''),
(2480, '贡井区', 383, ''),
(2481, '大安区', 383, ''),
(2482, '沿滩区', 383, ''),
(2483, '荣县', 383, ''),
(2484, '富顺县', 383, ''),
(2485, '东区', 384, ''),
(2486, '西区', 384, ''),
(2487, '仁和区', 384, ''),
(2488, '米易县', 384, ''),
(2489, '盐边县', 384, ''),
(2490, '江阳区', 385, ''),
(2491, '纳溪区', 385, ''),
(2492, '龙马潭区', 385, ''),
(2493, '泸县', 385, ''),
(2494, '合江县', 385, ''),
(2495, '叙永县', 385, ''),
(2496, '古蔺县', 385, ''),
(2497, '旌阳区', 386, ''),
(2498, '中江县', 386, ''),
(2499, '罗江县', 386, ''),
(2500, '广汉市', 386, ''),
(2501, '什邡市', 386, ''),
(2502, '绵竹市', 386, ''),
(2503, '涪城区', 387, ''),
(2504, '游仙区', 387, ''),
(2505, '三台县', 387, ''),
(2506, '盐亭县', 387, ''),
(2507, '安县', 387, ''),
(2508, '梓潼县', 387, ''),
(2509, '北川羌族自治县', 387, ''),
(2510, '平武县', 387, ''),
(2511, '江油市', 387, ''),
(2512, '市中区', 388, ''),
(2513, '元坝区', 388, ''),
(2514, '朝天区', 388, ''),
(2515, '旺苍县', 388, ''),
(2516, '青川县', 388, ''),
(2517, '剑阁县', 388, ''),
(2518, '苍溪县', 388, ''),
(2519, '船山区', 389, ''),
(2520, '安居区', 389, ''),
(2521, '蓬溪县', 389, ''),
(2522, '射洪县', 389, ''),
(2523, '大英县', 389, ''),
(2524, '市中区', 390, ''),
(2525, '东兴区', 390, ''),
(2526, '威远县', 390, ''),
(2527, '资中县', 390, ''),
(2528, '隆昌县', 390, ''),
(2529, '市中区', 391, ''),
(2530, '沙湾区', 391, ''),
(2531, '五通桥区', 391, ''),
(2532, '金口河区', 391, ''),
(2533, '犍为县', 391, ''),
(2534, '井研县', 391, ''),
(2535, '夹江县', 391, ''),
(2536, '沐川县', 391, ''),
(2537, '峨边彝族自治县', 391, ''),
(2538, '马边彝族自治县', 391, ''),
(2539, '峨眉山市', 391, ''),
(2540, '顺庆区', 392, ''),
(2541, '高坪区', 392, ''),
(2542, '嘉陵区', 392, ''),
(2543, '南部县', 392, ''),
(2544, '营山县', 392, ''),
(2545, '蓬安县', 392, ''),
(2546, '仪陇县', 392, ''),
(2547, '西充县', 392, ''),
(2548, '阆中市', 392, ''),
(2549, '东坡区', 393, ''),
(2550, '仁寿县', 393, ''),
(2551, '彭山县', 393, ''),
(2552, '洪雅县', 393, ''),
(2553, '丹棱县', 393, ''),
(2554, '青神县', 393, ''),
(2555, '翠屏区', 394, ''),
(2556, '宜宾县', 394, ''),
(2557, '南溪县', 394, ''),
(2558, '江安县', 394, ''),
(2559, '长宁县', 394, ''),
(2560, '高县', 394, ''),
(2561, '珙县', 394, ''),
(2562, '筠连县', 394, ''),
(2563, '兴文县', 394, ''),
(2564, '屏山县', 394, ''),
(2565, '广安区', 395, ''),
(2566, '岳池县', 395, ''),
(2567, '武胜县', 395, ''),
(2568, '邻水县', 395, ''),
(2569, '华蓥市', 395, ''),
(2570, '通川区', 396, ''),
(2571, '达县', 396, ''),
(2572, '宣汉县', 396, ''),
(2573, '开江县', 396, ''),
(2574, '大竹县', 396, ''),
(2575, '渠县', 396, ''),
(2576, '万源市', 396, ''),
(2577, '雨城区', 397, ''),
(2578, '名山县', 397, ''),
(2579, '荥经县', 397, ''),
(2580, '汉源县', 397, ''),
(2581, '石棉县', 397, ''),
(2582, '天全县', 397, ''),
(2583, '芦山县', 397, ''),
(2584, '宝兴县', 397, ''),
(2585, '巴州区', 398, ''),
(2586, '通江县', 398, ''),
(2587, '南江县', 398, ''),
(2588, '平昌县', 398, ''),
(2589, '雁江区', 399, ''),
(2590, '安岳县', 399, ''),
(2591, '乐至县', 399, ''),
(2592, '简阳市', 399, ''),
(2593, '汶川县', 400, ''),
(2594, '理县', 400, ''),
(2595, '茂县', 400, ''),
(2596, '松潘县', 400, ''),
(2597, '九寨沟县', 400, ''),
(2598, '金川县', 400, ''),
(2599, '小金县', 400, ''),
(2600, '黑水县', 400, ''),
(2601, '马尔康县', 400, ''),
(2602, '壤塘县', 400, ''),
(2603, '阿坝县', 400, ''),
(2604, '若尔盖县', 400, ''),
(2605, '红原县', 400, ''),
(2606, '康定县', 401, ''),
(2607, '泸定县', 401, ''),
(2608, '丹巴县', 401, ''),
(2609, '九龙县', 401, ''),
(2610, '雅江县', 401, ''),
(2611, '道孚县', 401, ''),
(2612, '炉霍县', 401, ''),
(2613, '甘孜县', 401, ''),
(2614, '新龙县', 401, ''),
(2615, '德格县', 401, ''),
(2616, '白玉县', 401, ''),
(2617, '石渠县', 401, ''),
(2618, '色达县', 401, ''),
(2619, '理塘县', 401, ''),
(2620, '巴塘县', 401, ''),
(2621, '乡城县', 401, ''),
(2622, '稻城县', 401, ''),
(2623, '得荣县', 401, ''),
(2624, '西昌市', 402, ''),
(2625, '木里藏族自治县', 402, ''),
(2626, '盐源县', 402, ''),
(2627, '德昌县', 402, ''),
(2628, '会理县', 402, ''),
(2629, '会东县', 402, ''),
(2630, '宁南县', 402, ''),
(2631, '普格县', 402, ''),
(2632, '布拖县', 402, ''),
(2633, '金阳县', 402, ''),
(2634, '昭觉县', 402, ''),
(2635, '喜德县', 402, ''),
(2636, '冕宁县', 402, ''),
(2637, '越西县', 402, ''),
(2638, '甘洛县', 402, ''),
(2639, '美姑县', 402, ''),
(2640, '雷波县', 402, ''),
(2641, '南明区', 403, ''),
(2642, '云岩区', 403, ''),
(2643, '花溪区', 403, ''),
(2644, '乌当区', 403, ''),
(2645, '白云区', 403, ''),
(2646, '小河区', 403, ''),
(2647, '开阳县', 403, ''),
(2648, '息烽县', 403, ''),
(2649, '修文县', 403, ''),
(2650, '清镇市', 403, ''),
(2651, '钟山区', 404, ''),
(2652, '六枝特区', 404, ''),
(2653, '水城县', 404, ''),
(2654, '盘县', 404, ''),
(2655, '红花岗区', 405, ''),
(2656, '汇川区', 405, ''),
(2657, '遵义县', 405, ''),
(2658, '桐梓县', 405, ''),
(2659, '绥阳县', 405, ''),
(2660, '正安县', 405, ''),
(2661, '道真仡佬族苗族自治县', 405, ''),
(2662, '务川仡佬族苗族自治县', 405, ''),
(2663, '凤冈县', 405, ''),
(2664, '湄潭县', 405, ''),
(2665, '余庆县', 405, ''),
(2666, '习水县', 405, ''),
(2667, '赤水市', 405, ''),
(2668, '仁怀市', 405, ''),
(2669, '西秀区', 406, ''),
(2670, '平坝县', 406, ''),
(2671, '普定县', 406, ''),
(2672, '镇宁布依族苗族自治县', 406, ''),
(2673, '关岭布依族苗族自治县', 406, ''),
(2674, '紫云苗族布依族自治县', 406, ''),
(2675, '铜仁市', 407, ''),
(2676, '江口县', 407, ''),
(2677, '玉屏侗族自治县', 407, ''),
(2678, '石阡县', 407, ''),
(2679, '思南县', 407, ''),
(2680, '印江土家族苗族自治县', 407, ''),
(2681, '德江县', 407, ''),
(2682, '沿河土家族自治县', 407, ''),
(2683, '松桃苗族自治县', 407, ''),
(2684, '万山特区', 407, ''),
(2685, '兴义市', 408, ''),
(2686, '兴仁县', 408, ''),
(2687, '普安县', 408, ''),
(2688, '晴隆县', 408, ''),
(2689, '贞丰县', 408, ''),
(2690, '望谟县', 408, ''),
(2691, '册亨县', 408, ''),
(2692, '安龙县', 408, ''),
(2693, '毕节市', 409, ''),
(2694, '大方县', 409, ''),
(2695, '黔西县', 409, ''),
(2696, '金沙县', 409, ''),
(2697, '织金县', 409, ''),
(2698, '纳雍县', 409, ''),
(2699, '威宁彝族回族苗族自治县', 409, ''),
(2700, '赫章县', 409, ''),
(2701, '凯里市', 410, ''),
(2702, '黄平县', 410, ''),
(2703, '施秉县', 410, ''),
(2704, '三穗县', 410, ''),
(2705, '镇远县', 410, ''),
(2706, '岑巩县', 410, ''),
(2707, '天柱县', 410, ''),
(2708, '锦屏县', 410, ''),
(2709, '剑河县', 410, ''),
(2710, '台江县', 410, ''),
(2711, '黎平县', 410, ''),
(2712, '榕江县', 410, ''),
(2713, '从江县', 410, ''),
(2714, '雷山县', 410, ''),
(2715, '麻江县', 410, ''),
(2716, '丹寨县', 410, ''),
(2717, '都匀市', 411, ''),
(2718, '福泉市', 411, ''),
(2719, '荔波县', 411, ''),
(2720, '贵定县', 411, ''),
(2721, '瓮安县', 411, ''),
(2722, '独山县', 411, ''),
(2723, '平塘县', 411, ''),
(2724, '罗甸县', 411, ''),
(2725, '长顺县', 411, ''),
(2726, '龙里县', 411, ''),
(2727, '惠水县', 411, ''),
(2728, '三都水族自治县', 411, ''),
(2729, '五华区', 412, ''),
(2730, '盘龙区', 412, ''),
(2731, '官渡区', 412, ''),
(2732, '西山区', 412, ''),
(2733, '东川区', 412, ''),
(2734, '呈贡县', 412, ''),
(2735, '晋宁县', 412, ''),
(2736, '富民县', 412, ''),
(2737, '宜良县', 412, ''),
(2738, '石林彝族自治县', 412, ''),
(2739, '嵩明县', 412, ''),
(2740, '禄劝彝族苗族自治县', 412, ''),
(2741, '寻甸回族彝族自治县', 412, ''),
(2742, '安宁市', 412, ''),
(2743, '麒麟区', 413, ''),
(2744, '马龙县', 413, ''),
(2745, '陆良县', 413, ''),
(2746, '师宗县', 413, ''),
(2747, '罗平县', 413, ''),
(2748, '富源县', 413, ''),
(2749, '会泽县', 413, ''),
(2750, '沾益县', 413, ''),
(2751, '宣威市', 413, ''),
(2752, '红塔区', 414, ''),
(2753, '江川县', 414, ''),
(2754, '澄江县', 414, ''),
(2755, '通海县', 414, ''),
(2756, '华宁县', 414, ''),
(2757, '易门县', 414, ''),
(2758, '峨山彝族自治县', 414, ''),
(2759, '新平彝族傣族自治县', 414, ''),
(2760, '元江哈尼族彝族傣族自治县', 414, ''),
(2761, '隆阳区', 415, ''),
(2762, '施甸县', 415, ''),
(2763, '腾冲县', 415, ''),
(2764, '龙陵县', 415, ''),
(2765, '昌宁县', 415, ''),
(2766, '昭阳区', 416, ''),
(2767, '鲁甸县', 416, ''),
(2768, '巧家县', 416, ''),
(2769, '盐津县', 416, ''),
(2770, '大关县', 416, ''),
(2771, '永善县', 416, ''),
(2772, '绥江县', 416, ''),
(2773, '镇雄县', 416, ''),
(2774, '彝良县', 416, ''),
(2775, '威信县', 416, ''),
(2776, '水富县', 416, ''),
(2777, '古城区', 417, ''),
(2778, '玉龙纳西族自治县', 417, ''),
(2779, '永胜县', 417, ''),
(2780, '华坪县', 417, ''),
(2781, '宁蒗彝族自治县', 417, ''),
(2782, '翠云区', 418, ''),
(2783, '普洱哈尼族彝族自治县', 418, ''),
(2784, '墨江哈尼族自治县', 418, ''),
(2785, '景东彝族自治县', 418, ''),
(2786, '景谷傣族彝族自治县', 418, ''),
(2787, '镇沅彝族哈尼族拉祜族自治县', 418, ''),
(2788, '江城哈尼族彝族自治县', 418, ''),
(2789, '孟连傣族拉祜族佤族自治县', 418, ''),
(2790, '澜沧拉祜族自治县', 418, ''),
(2791, '西盟佤族自治县', 418, ''),
(2792, '临翔区', 419, ''),
(2793, '凤庆县', 419, ''),
(2794, '云县', 419, ''),
(2795, '永德县', 419, ''),
(2796, '镇康县', 419, ''),
(2797, '双江拉祜族佤族布朗族傣族自治县', 419, ''),
(2798, '耿马傣族佤族自治县', 419, ''),
(2799, '沧源佤族自治县', 420, ''),
(2800, '楚雄市', 420, ''),
(2801, '双柏县', 420, ''),
(2802, '牟定县', 420, ''),
(2803, '南华县', 420, ''),
(2804, '姚安县', 420, ''),
(2805, '大姚县', 420, ''),
(2806, '永仁县', 420, ''),
(2807, '元谋县', 420, ''),
(2808, '武定县', 420, ''),
(2809, '禄丰县', 420, ''),
(2810, '个旧市', 421, ''),
(2811, '开远市', 421, ''),
(2812, '蒙自县', 421, ''),
(2813, '屏边苗族自治县', 421, ''),
(2814, '建水县', 421, ''),
(2815, '石屏县', 421, ''),
(2816, '弥勒县', 421, ''),
(2817, '泸西县', 421, ''),
(2818, '元阳县', 421, ''),
(2819, '红河县', 421, ''),
(2820, '金平苗族瑶族傣族自治县', 421, ''),
(2821, '绿春县', 421, ''),
(2822, '河口瑶族自治县', 421, ''),
(2823, '文山县', 422, ''),
(2824, '砚山县', 422, ''),
(2825, '西畴县', 422, ''),
(2826, '麻栗坡县', 422, ''),
(2827, '马关县', 422, ''),
(2828, '丘北县', 422, ''),
(2829, '广南县', 422, ''),
(2830, '富宁县', 422, ''),
(2831, '景洪市', 423, ''),
(2832, '勐海县', 423, ''),
(2833, '勐腊县', 423, ''),
(2834, '大理市', 424, ''),
(2835, '漾濞彝族自治县', 424, ''),
(2836, '祥云县', 424, ''),
(2837, '宾川县', 424, ''),
(2838, '弥渡县', 424, ''),
(2839, '南涧彝族自治县', 424, ''),
(2840, '巍山彝族回族自治县', 424, ''),
(2841, '永平县', 424, ''),
(2842, '云龙县', 424, ''),
(2843, '洱源县', 424, ''),
(2844, '剑川县', 424, ''),
(2845, '鹤庆县', 424, ''),
(2846, '瑞丽市', 425, ''),
(2847, '潞西市', 425, ''),
(2848, '梁河县', 425, ''),
(2849, '盈江县', 425, ''),
(2850, '陇川县', 425, ''),
(2851, '泸水县', 426, ''),
(2852, '福贡县', 426, ''),
(2853, '贡山独龙族怒族自治县', 426, ''),
(2854, '兰坪白族普米族自治县', 426, ''),
(2855, '香格里拉县', 427, ''),
(2856, '德钦县', 427, ''),
(2857, '维西傈僳族自治县', 427, ''),
(2858, '城关区', 428, ''),
(2859, '林周县', 428, ''),
(2860, '当雄县', 428, ''),
(2861, '尼木县', 428, ''),
(2862, '曲水县', 428, ''),
(2863, '堆龙德庆县', 428, ''),
(2864, '达孜县', 428, ''),
(2865, '墨竹工卡县', 428, ''),
(2866, '昌都县', 429, ''),
(2867, '江达县', 429, ''),
(2868, '贡觉县', 429, ''),
(2869, '类乌齐县', 429, ''),
(2870, '丁青县', 429, ''),
(2871, '察雅县', 429, ''),
(2872, '八宿县', 429, ''),
(2873, '左贡县', 429, ''),
(2874, '芒康县', 429, ''),
(2875, '洛隆县', 429, ''),
(2876, '边坝县', 429, ''),
(2877, '乃东县', 430, ''),
(2878, '扎囊县', 430, ''),
(2879, '贡嘎县', 430, ''),
(2880, '桑日县', 430, ''),
(2881, '琼结县', 430, ''),
(2882, '曲松县', 430, ''),
(2883, '措美县', 430, ''),
(2884, '洛扎县', 430, ''),
(2885, '加查县', 430, ''),
(2886, '隆子县', 430, ''),
(2887, '错那县', 430, ''),
(2888, '浪卡子县', 430, ''),
(2889, '日喀则市', 431, ''),
(2890, '南木林县', 431, ''),
(2891, '江孜县', 431, ''),
(2892, '定日县', 431, ''),
(2893, '萨迦县', 431, ''),
(2894, '拉孜县', 431, ''),
(2895, '昂仁县', 431, ''),
(2896, '谢通门县', 431, ''),
(2897, '白朗县', 431, ''),
(2898, '仁布县', 431, ''),
(2899, '康马县', 431, ''),
(2900, '定结县', 431, ''),
(2901, '仲巴县', 431, ''),
(2902, '亚东县', 431, ''),
(2903, '吉隆县', 431, ''),
(2904, '聂拉木县', 431, ''),
(2905, '萨嘎县', 431, ''),
(2906, '岗巴县', 431, ''),
(2907, '那曲县', 432, ''),
(2908, '嘉黎县', 432, ''),
(2909, '比如县', 432, ''),
(2910, '聂荣县', 432, ''),
(2911, '安多县', 432, ''),
(2912, '申扎县', 432, ''),
(2913, '索县', 432, ''),
(2914, '班戈县', 432, ''),
(2915, '巴青县', 432, ''),
(2916, '尼玛县', 432, ''),
(2917, '普兰县', 433, ''),
(2918, '札达县', 433, ''),
(2919, '噶尔县', 433, ''),
(2920, '日土县', 433, ''),
(2921, '革吉县', 433, ''),
(2922, '改则县', 433, ''),
(2923, '措勤县', 433, ''),
(2924, '林芝县', 434, ''),
(2925, '工布江达县', 434, ''),
(2926, '米林县', 434, ''),
(2927, '墨脱县', 434, ''),
(2928, '波密县', 434, ''),
(2929, '察隅县', 434, ''),
(2930, '朗县', 434, ''),
(2931, '新城区', 435, ''),
(2932, '碑林区', 435, ''),
(2933, '莲湖区', 435, ''),
(2934, '灞桥区', 435, ''),
(2935, '未央区', 435, ''),
(2936, '雁塔区', 435, ''),
(2937, '阎良区', 435, ''),
(2938, '临潼区', 435, ''),
(2939, '长安区', 435, ''),
(2940, '蓝田县', 435, ''),
(2941, '周至县', 435, ''),
(2942, '户县', 435, ''),
(2943, '高陵县', 435, ''),
(2944, '王益区', 436, ''),
(2945, '印台区', 436, ''),
(2946, '耀州区', 436, ''),
(2947, '宜君县', 436, ''),
(2948, '渭滨区', 437, ''),
(2949, '金台区', 437, ''),
(2950, '陈仓区', 437, ''),
(2951, '凤翔县', 437, ''),
(2952, '岐山县', 437, ''),
(2953, '扶风县', 437, ''),
(2954, '眉县', 437, ''),
(2955, '陇县', 437, ''),
(2956, '千阳县', 437, ''),
(2957, '麟游县', 437, ''),
(2958, '凤县', 437, ''),
(2959, '太白县', 437, ''),
(2960, '秦都区', 438, ''),
(2961, '杨凌区', 438, ''),
(2962, '渭城区', 438, ''),
(2963, '三原县', 438, ''),
(2964, '泾阳县', 438, ''),
(2965, '乾县', 438, ''),
(2966, '礼泉县', 438, ''),
(2967, '永寿县', 438, ''),
(2968, '彬县', 438, ''),
(2969, '长武县', 438, ''),
(2970, '旬邑县', 438, ''),
(2971, '淳化县', 438, ''),
(2972, '武功县', 438, ''),
(2973, '兴平市', 438, ''),
(2974, '临渭区', 439, ''),
(2975, '华县', 439, ''),
(2976, '潼关县', 439, ''),
(2977, '大荔县', 439, ''),
(2978, '合阳县', 439, ''),
(2979, '澄城县', 439, ''),
(2980, '蒲城县', 439, ''),
(2981, '白水县', 439, ''),
(2982, '富平县', 439, ''),
(2983, '韩城市', 439, ''),
(2984, '华阴市', 439, ''),
(2985, '宝塔区', 440, ''),
(2986, '延长县', 440, ''),
(2987, '延川县', 440, ''),
(2988, '子长县', 440, ''),
(2989, '安塞县', 440, ''),
(2990, '志丹县', 440, ''),
(2991, '吴起县', 440, ''),
(2992, '甘泉县', 440, ''),
(2993, '富县', 440, ''),
(2994, '洛川县', 440, ''),
(2995, '宜川县', 440, ''),
(2996, '黄龙县', 440, ''),
(2997, '黄陵县', 440, ''),
(2998, '汉台区', 441, ''),
(2999, '南郑县', 441, ''),
(3000, '城固县', 441, ''),
(3001, '洋县', 441, ''),
(3002, '西乡县', 441, ''),
(3003, '勉县', 441, ''),
(3004, '宁强县', 441, ''),
(3005, '略阳县', 441, ''),
(3006, '镇巴县', 441, ''),
(3007, '留坝县', 441, ''),
(3008, '佛坪县', 441, ''),
(3009, '榆阳区', 442, ''),
(3010, '神木县', 442, ''),
(3011, '府谷县', 442, ''),
(3012, '横山县', 442, ''),
(3013, '靖边县', 442, ''),
(3014, '定边县', 442, ''),
(3015, '绥德县', 442, ''),
(3016, '米脂县', 442, ''),
(3017, '佳县', 442, ''),
(3018, '吴堡县', 442, ''),
(3019, '清涧县', 442, ''),
(3020, '子洲县', 442, ''),
(3021, '汉滨区', 443, ''),
(3022, '汉阴县', 443, ''),
(3023, '石泉县', 443, ''),
(3024, '宁陕县', 443, ''),
(3025, '紫阳县', 443, ''),
(3026, '岚皋县', 443, ''),
(3027, '平利县', 443, ''),
(3028, '镇坪县', 443, ''),
(3029, '旬阳县', 443, ''),
(3030, '白河县', 443, ''),
(3031, '商州区', 444, ''),
(3032, '洛南县', 444, ''),
(3033, '丹凤县', 444, ''),
(3034, '商南县', 444, ''),
(3035, '山阳县', 444, ''),
(3036, '镇安县', 444, ''),
(3037, '柞水县', 444, ''),
(3038, '城关区', 445, ''),
(3039, '七里河区', 445, ''),
(3040, '西固区', 445, ''),
(3041, '安宁区', 445, ''),
(3042, '红古区', 445, ''),
(3043, '永登县', 445, ''),
(3044, '皋兰县', 445, ''),
(3045, '榆中县', 445, ''),
(3046, '金川区', 447, ''),
(3047, '永昌县', 447, ''),
(3048, '白银区', 448, ''),
(3049, '平川区', 448, ''),
(3050, '靖远县', 448, ''),
(3051, '会宁县', 448, ''),
(3052, '景泰县', 448, ''),
(3053, '秦城区', 449, ''),
(3054, '北道区', 449, ''),
(3055, '清水县', 449, ''),
(3056, '秦安县', 449, ''),
(3057, '甘谷县', 449, ''),
(3058, '武山县', 449, ''),
(3059, '张家川回族自治县', 449, ''),
(3060, '凉州区', 450, ''),
(3061, '民勤县', 450, ''),
(3062, '古浪县', 450, ''),
(3063, '天祝藏族自治县', 450, ''),
(3064, '甘州区', 451, ''),
(3065, '肃南裕固族自治县', 451, ''),
(3066, '民乐县', 451, ''),
(3067, '临泽县', 451, ''),
(3068, '高台县', 451, ''),
(3069, '山丹县', 451, ''),
(3070, '崆峒区', 452, ''),
(3071, '泾川县', 452, ''),
(3072, '灵台县', 452, ''),
(3073, '崇信县', 452, ''),
(3074, '华亭县', 452, ''),
(3075, '庄浪县', 452, ''),
(3076, '静宁县', 452, ''),
(3077, '肃州区', 453, ''),
(3078, '金塔县', 453, ''),
(3079, '瓜州县', 453, ''),
(3080, '肃北蒙古族自治县', 453, ''),
(3081, '阿克塞哈萨克族自治县', 453, ''),
(3082, '玉门市', 453, ''),
(3083, '敦煌市', 453, ''),
(3084, '西峰区', 454, ''),
(3085, '庆城县', 454, ''),
(3086, '环县', 454, ''),
(3087, '华池县', 454, ''),
(3088, '合水县', 454, ''),
(3089, '正宁县', 454, ''),
(3090, '宁县', 454, ''),
(3091, '镇原县', 454, ''),
(3092, '安定区', 455, ''),
(3093, '通渭县', 455, ''),
(3094, '陇西县', 455, ''),
(3095, '渭源县', 455, ''),
(3096, '临洮县', 455, ''),
(3097, '漳县', 455, ''),
(3098, '岷县', 455, ''),
(3099, '武都区', 456, ''),
(3100, '成县', 456, ''),
(3101, '文县', 456, ''),
(3102, '宕昌县', 456, ''),
(3103, '康县', 456, ''),
(3104, '西和县', 456, ''),
(3105, '礼县', 456, ''),
(3106, '徽县', 456, ''),
(3107, '两当县', 456, ''),
(3108, '临夏市', 457, ''),
(3109, '临夏县', 457, ''),
(3110, '康乐县', 457, ''),
(3111, '永靖县', 457, ''),
(3112, '广河县', 457, ''),
(3113, '和政县', 457, ''),
(3114, '东乡族自治县', 457, ''),
(3115, '积石山保安族东乡族撒拉族自治县', 457, ''),
(3116, '合作市', 458, ''),
(3117, '临潭县', 458, ''),
(3118, '卓尼县', 458, ''),
(3119, '舟曲县', 458, ''),
(3120, '迭部县', 458, ''),
(3121, '玛曲县', 458, ''),
(3122, '碌曲县', 458, ''),
(3123, '夏河县', 458, ''),
(3124, '城东区', 459, ''),
(3125, '城中区', 459, ''),
(3126, '城西区', 459, ''),
(3127, '城北区', 459, ''),
(3128, '大通回族土族自治县', 459, ''),
(3129, '湟中县', 459, ''),
(3130, '湟源县', 459, ''),
(3131, '平安县', 460, ''),
(3132, '民和回族土族自治县', 460, ''),
(3133, '乐都县', 460, ''),
(3134, '互助土族自治县', 460, ''),
(3135, '化隆回族自治县', 460, ''),
(3136, '循化撒拉族自治县', 460, ''),
(3137, '门源回族自治县', 461, ''),
(3138, '祁连县', 461, ''),
(3139, '海晏县', 461, ''),
(3140, '刚察县', 461, ''),
(3141, '同仁县', 462, ''),
(3142, '尖扎县', 462, ''),
(3143, '泽库县', 462, ''),
(3144, '河南蒙古族自治县', 462, ''),
(3145, '共和县', 463, ''),
(3146, '同德县', 463, ''),
(3147, '贵德县', 463, ''),
(3148, '兴海县', 463, ''),
(3149, '贵南县', 463, ''),
(3150, '玛沁县', 464, ''),
(3151, '班玛县', 464, ''),
(3152, '甘德县', 464, ''),
(3153, '达日县', 464, ''),
(3154, '久治县', 464, ''),
(3155, '玛多县', 464, ''),
(3156, '玉树县', 465, ''),
(3157, '杂多县', 465, ''),
(3158, '称多县', 465, ''),
(3159, '治多县', 465, ''),
(3160, '囊谦县', 465, ''),
(3161, '曲麻莱县', 465, ''),
(3162, '格尔木市', 466, ''),
(3163, '德令哈市', 466, ''),
(3164, '乌兰县', 466, ''),
(3165, '都兰县', 466, ''),
(3166, '天峻县', 466, ''),
(3167, '兴庆区', 467, ''),
(3168, '西夏区', 467, ''),
(3169, '金凤区', 467, ''),
(3170, '永宁县', 467, ''),
(3171, '贺兰县', 467, ''),
(3172, '灵武市', 467, ''),
(3173, '大武口区', 468, ''),
(3174, '惠农区', 468, ''),
(3175, '平罗县', 468, ''),
(3176, '利通区', 469, ''),
(3177, '盐池县', 469, ''),
(3178, '同心县', 469, ''),
(3179, '青铜峡市', 469, ''),
(3180, '原州区', 470, ''),
(3181, '西吉县', 470, ''),
(3182, '隆德县', 470, ''),
(3183, '泾源县', 470, ''),
(3184, '彭阳县', 470, ''),
(3185, '沙坡头区', 471, ''),
(3186, '中宁县', 471, ''),
(3187, '海原县', 471, ''),
(3188, '天山区', 472, ''),
(3189, '沙依巴克区', 472, ''),
(3190, '新市区', 472, ''),
(3191, '水磨沟区', 472, ''),
(3192, '头屯河区', 472, ''),
(3193, '达坂城区', 472, ''),
(3194, '东山区', 472, ''),
(3195, '乌鲁木齐县', 472, ''),
(3196, '独山子区', 473, ''),
(3197, '克拉玛依区', 473, ''),
(3198, '白碱滩区', 473, ''),
(3199, '乌尔禾区', 473, ''),
(3200, '吐鲁番市', 474, ''),
(3201, '鄯善县', 474, ''),
(3202, '托克逊县', 474, ''),
(3203, '哈密市', 475, ''),
(3204, '巴里坤哈萨克自治县', 475, ''),
(3205, '伊吾县', 475, ''),
(3206, '昌吉市', 476, ''),
(3207, '阜康市', 476, ''),
(3208, '米泉市', 476, ''),
(3209, '呼图壁县', 476, ''),
(3210, '玛纳斯县', 476, ''),
(3211, '奇台县', 476, ''),
(3212, '吉木萨尔县', 476, ''),
(3213, '木垒哈萨克自治县', 476, ''),
(3214, '博乐市', 477, ''),
(3215, '精河县', 477, ''),
(3216, '温泉县', 477, ''),
(3217, '库尔勒市', 478, ''),
(3218, '轮台县', 478, ''),
(3219, '尉犁县', 478, ''),
(3220, '若羌县', 478, ''),
(3221, '且末县', 478, ''),
(3222, '焉耆回族自治县', 478, ''),
(3223, '和静县', 478, ''),
(3224, '和硕县', 478, ''),
(3225, '博湖县', 478, ''),
(3226, '阿克苏市', 479, ''),
(3227, '温宿县', 479, ''),
(3228, '库车县', 479, ''),
(3229, '沙雅县', 479, ''),
(3230, '新和县', 479, ''),
(3231, '拜城县', 479, ''),
(3232, '乌什县', 479, ''),
(3233, '阿瓦提县', 479, ''),
(3234, '柯坪县', 479, ''),
(3235, '阿图什市', 480, ''),
(3236, '阿克陶县', 480, ''),
(3237, '阿合奇县', 480, ''),
(3238, '乌恰县', 480, ''),
(3239, '喀什市', 481, ''),
(3240, '疏附县', 481, ''),
(3241, '疏勒县', 481, ''),
(3242, '英吉沙县', 481, ''),
(3243, '泽普县', 481, ''),
(3244, '莎车县', 481, ''),
(3245, '叶城县', 481, ''),
(3246, '麦盖提县', 481, ''),
(3247, '岳普湖县', 481, ''),
(3248, '伽师县', 481, ''),
(3249, '巴楚县', 481, ''),
(3250, '塔什库尔干塔吉克自治县', 481, ''),
(3251, '和田市', 482, ''),
(3252, '和田县', 482, ''),
(3253, '墨玉县', 482, ''),
(3254, '皮山县', 482, ''),
(3255, '洛浦县', 482, ''),
(3256, '策勒县', 482, ''),
(3257, '于田县', 482, ''),
(3258, '民丰县', 482, ''),
(3259, '伊宁市', 483, ''),
(3260, '奎屯市', 483, ''),
(3261, '伊宁县', 483, ''),
(3262, '察布查尔锡伯自治县', 483, ''),
(3263, '霍城县', 483, ''),
(3264, '巩留县', 483, ''),
(3265, '新源县', 483, ''),
(3266, '昭苏县', 483, ''),
(3267, '特克斯县', 483, ''),
(3268, '尼勒克县', 483, ''),
(3269, '塔城市', 484, ''),
(3270, '乌苏市', 484, ''),
(3271, '额敏县', 484, ''),
(3272, '沙湾县', 484, ''),
(3273, '托里县', 484, ''),
(3274, '裕民县', 484, ''),
(3275, '和布克赛尔蒙古自治县', 484, ''),
(3276, '阿勒泰市', 485, ''),
(3277, '布尔津县', 485, ''),
(3278, '富蕴县', 485, ''),
(3279, '福海县', 485, ''),
(3280, '哈巴河县', 485, ''),
(3281, '青河县', 485, ''),
(3282, '吉木乃县', 485, ''),
(3358, '钓鱼岛', 0, ''),
(3359, '钓鱼岛', 3358, '');

-- --------------------------------------------------------

--
-- 表的结构 `ewshop_article`
--

CREATE TABLE IF NOT EXISTS `ewshop_article` (
  `id` int(10) unsigned NOT NULL AUTO_INCREMENT COMMENT '主键',
  `title` varchar(255) NOT NULL COMMENT '新闻名称',
  `author` varchar(16) NOT NULL COMMENT '作者',
  `city` varchar(16) NOT NULL COMMENT '城市',
  `update_time` int(10) unsigned NOT NULL DEFAULT '0' COMMENT '修改时间',
  `create_time` int(10) unsigned NOT NULL DEFAULT '0' COMMENT '添加时间',
  `status` tinyint(4) NOT NULL DEFAULT '0' COMMENT '数据状态',
  `view` int(10) unsigned NOT NULL DEFAULT '0' COMMENT '浏览量',
  `shortnote` varchar(255) NOT NULL COMMENT '简介描述',
  `content` text NOT NULL COMMENT '详细内容',
  `pid` int(10) unsigned NOT NULL COMMENT '所属父级分类',
  `cover_id` int(10) unsigned NOT NULL COMMENT '封面',
  `model_id` int(10) unsigned NOT NULL COMMENT '内容模型id',
  `category_id` varchar(255) NOT NULL COMMENT '所属分类',
  `level` int(10) NOT NULL DEFAULT '0' COMMENT '排序等级',
  `uid` int(10) unsigned NOT NULL DEFAULT '0' COMMENT '用户id',
  `videourl` varchar(64) NOT NULL,
  PRIMARY KEY (`id`)
) ENGINE=MyISAM  DEFAULT CHARSET=utf8 ROW_FORMAT=DYNAMIC AUTO_INCREMENT=31 ;

--
-- 转存表中的数据 `ewshop_article`
--

INSERT INTO `ewshop_article` (`id`, `title`, `author`, `city`, `update_time`, `create_time`, `status`, `view`, `shortnote`, `content`, `pid`, `cover_id`, `model_id`, `category_id`, `level`, `uid`, `videourl`) VALUES
(1, '全额权威全文', '', '', 1459158654, 1459158654, -1, 0, '', '', 0, 0, 5, '204', 0, 1, ''),
(2, 'sdsa', '', '', 1459257087, 1459257087, -1, 0, 'sadsa', 'dsadsa', 0, 0, 17, '201', 0, 1, ''),
(3, '测试新闻信息', '', '', 1460373893, 1460373893, 1, 0, '', '', 0, 0, 17, '201', 0, 1, ''),
(4, '购物指南', '', '', 1461514370, 1461514370, 1, 0, '购物指南', '<span style="color:#5A5A5A;font-family:微软雅黑;line-height:30px;background-color:#FFFFFF;">根据第三方市场研究公司艾瑞咨询的数据，京东（JD.com）是中国最大的自营式电商企业，2015年第一季度在中国自营式B2C电商市场的占有率为56.3%。2014年，京东市场交易额达到2602亿元，净收入达到1150亿元。2015年第二季度，京东市场交易额达到1145亿元，同比增长82%；净收入达到459亿元，同比增长61%。</span><br />\r\n<span style="color:#5A5A5A;font-family:微软雅黑;line-height:30px;background-color:#FFFFFF;">目前，京东集团旗下设有京东商城、京东金融、拍拍、京东智能、京东到家及海外事业部。2014年5月，京东在美国纳斯达克证券交易所正式挂牌上市，是中国第一个成功赴美上市的大型综合型电商平台，并跻身全球前十大互联网公司排行榜。2015年7月，京东因其高成长性入选纳斯达克100指数和纳斯达克100平均加权指数，成为纳斯达克100指数中仅有的2家中国互联网公司之一。</span><br />\r\n<br />\r\n<span style="color:#5A5A5A;font-family:微软雅黑;line-height:30px;background-color:#FFFFFF;">京东致力于为消费者提供愉悦的在线购物体验。通过内容丰富、人性化的网站（www.jd.com）和移动客户端，京东以富有竞争力的价格，提供具有丰富品类及卓越品质的商品和服务，以快速可靠的方式送达消费者，并且提供灵活多样的支付方式。另外，京东还为第三方卖家提供在线销售平台和物流等一系列增值服务。</span><br />\r\n<br />\r\n<span style="color:#5A5A5A;font-family:微软雅黑;line-height:30px;background-color:#FFFFFF;">京东提供丰富优质的商品，品类包括：计算机、手机及其它数码产品、家电、汽车配件、服装与鞋类、奢侈品（如：手提包、手表与珠宝）、家居与家庭用品、化妆品与其它个人护理用品、食品与营养品、书籍、电子图书、音乐、电影与其它媒体产品、母婴用品与玩具、体育与健身器材以及虚拟商品（如：国内机票、酒店预订等）。</span><br />\r\n<br />\r\n<span style="color:#5A5A5A;font-family:微软雅黑;line-height:30px;background-color:#FFFFFF;">京东拥有中国电商行业最大的仓储设施。截至2015年6月30日，京东在全国拥有7大物流中心，在全国44座城市运营166个大型仓库，拥有4142个配送站和自提点，覆盖全国2043个区县。京东专业的配送队伍能够为消费者提供一系列专业服务，如：211限时达、次日达、夜间配和三小时极速达，GIS包裹实时追踪、售后100分、快速退换货以及家电上门安装等服务，保障用户享受到卓越、全面的物流配送和完整的“端对端”购物体验。</span><br />\r\n<br />\r\n<span style="color:#5A5A5A;font-family:微软雅黑;line-height:30px;background-color:#FFFFFF;">京东是一家技术驱动的公司，从成立伊始就投入巨资开发完善可靠、能够不断升级、以电商应用服务为核心的自有技术平台。我们将继续增强公司的技术平台实力，以便更好地提升内部运营效率，同时为合作伙伴提供卓越服务。</span><br />\r\n<br />\r\n<span style="color:#5A5A5A;font-family:微软雅黑;line-height:30px;background-color:#FFFFFF;">配送服务说明：</span><br />\r\n<span style="color:#5A5A5A;font-family:微软雅黑;line-height:30px;background-color:#FFFFFF;">211限时达：当日上午11：00前提交的现货订单（部分城市为上午10点前），以订单出库完成拣货时间点开始计算，当日送达；夜里11：00前提交的现货订单（以订单出库后完成拣货时间点开始计算），次日15：00前送达。截至2015年7月31日，“211限时达”已覆盖全国135个区县。</span><br />\r\n<span style="color:#5A5A5A;font-family:微软雅黑;line-height:30px;background-color:#FFFFFF;">次日达：在一定时间点之前提交的现货订单（以订单出库后完成拣货的时间点开始计算），将于次日送达。截至2015年7月31日，“次日达”已覆盖全国951个区县。 极速达：京东为消费者提供的一项个性化付费增值服务。 消费者通过“在线支付”方式全额成功付款或“货到付款”方式成功提交订单，并勾选“极速达”服务后，京东会在服务时间内，3小时将商品送至消费者所留地址。目前，“极速达”业务在北京、上海、广州、成都、武汉、沈阳六个城市提供服务。</span><br />\r\n<span style="color:#5A5A5A;font-family:微软雅黑;line-height:30px;background-color:#FFFFFF;">夜间配：京东为消费者提供更快速、更便利的一项增值服务。消费者下单时在日历中选择“19:00-22:00”时段，属“夜间配”服务范围内的商品，京东会尽可能安排配送员在消费者选定当日晚间19:00-22:00送货上门。目前，“夜间配”业务在北京、上海、广州、成都、武汉、沈阳六个城市提供服务。211限时达：当日上午11：00前提交的现货订单（部分城市为上午10点前），以订单出库完成拣货时间点开始计算，当日送达；夜里11：00前提交的现货订单（以订单出库后完成拣货时间点开始计算），次日15：00前送达。截至2015年7月31日，“211限时达”已覆盖全国135个区县。</span><br />\r\n<span style="color:#5A5A5A;font-family:微软雅黑;line-height:30px;background-color:#FFFFFF;">次日达：在一定时间点之前提交的现货订单（以订单出库后完成拣货的时间点开始计算），将于次日送达。截至2015年7月31日，“次日达”已覆盖全国951个区县。 极速达：京东为消费者提供的一项个性化付费增值服务。 消费者通过“在线支付”方式全额成功付款或“货到付款”方式成功提交订单，并勾选“极速达”服务后，京东会在服务时间内，3小时将商品送至消费者所留地址。目前，“极速达”业务在北京、上海、广州、成都、武汉、沈阳六个城市提供服务。</span><br />\r\n<span style="color:#5A5A5A;font-family:微软雅黑;line-height:30px;background-color:#FFFFFF;">夜间配：京东为消费者提供更快速、更便利的一项增值服务。消费者下单时在日历中选择“19:00-22:00”时段，属“夜间配”服务范围内的商品，京东会尽可能安排配送员在消费者选定当日晚间19:00-22:00送货上门。目前，“夜间配”业务在北京、上海、广州、成都、武汉、沈阳六个城市提供服务。</span>', 0, 0, 17, '209', 0, 1, ''),
(5, '常见问题', '', '', 1461514415, 1461514415, 1, 0, '常见问题', '<span style="color:#5A5A5A;font-family:微软雅黑;line-height:30px;background-color:#FFFFFF;">根据第三方市场研究公司艾瑞咨询的数据，京东（JD.com）是中国最大的自营式电商企业，2015年第一季度在中国自营式B2C电商市场的占有率为56.3%。2014年，京东市场交易额达到2602亿元，净收入达到1150亿元。2015年第二季度，京东市场交易额达到1145亿元，同比增长82%；净收入达到459亿元，同比增长61%。</span><br />\r\n<span style="color:#5A5A5A;font-family:微软雅黑;line-height:30px;background-color:#FFFFFF;">目前，京东集团旗下设有京东商城、京东金融、拍拍、京东智能、京东到家及海外事业部。2014年5月，京东在美国纳斯达克证券交易所正式挂牌上市，是中国第一个成功赴美上市的大型综合型电商平台，并跻身全球前十大互联网公司排行榜。2015年7月，京东因其高成长性入选纳斯达克100指数和纳斯达克100平均加权指数，成为纳斯达克100指数中仅有的2家中国互联网公司之一。</span><br />\r\n<br />\r\n<span style="color:#5A5A5A;font-family:微软雅黑;line-height:30px;background-color:#FFFFFF;">京东致力于为消费者提供愉悦的在线购物体验。通过内容丰富、人性化的网站（www.jd.com）和移动客户端，京东以富有竞争力的价格，提供具有丰富品类及卓越品质的商品和服务，以快速可靠的方式送达消费者，并且提供灵活多样的支付方式。另外，京东还为第三方卖家提供在线销售平台和物流等一系列增值服务。</span><br />\r\n<br />\r\n<span style="color:#5A5A5A;font-family:微软雅黑;line-height:30px;background-color:#FFFFFF;">京东提供丰富优质的商品，品类包括：计算机、手机及其它数码产品、家电、汽车配件、服装与鞋类、奢侈品（如：手提包、手表与珠宝）、家居与家庭用品、化妆品与其它个人护理用品、食品与营养品、书籍、电子图书、音乐、电影与其它媒体产品、母婴用品与玩具、体育与健身器材以及虚拟商品（如：国内机票、酒店预订等）。</span><br />\r\n<br />\r\n<span style="color:#5A5A5A;font-family:微软雅黑;line-height:30px;background-color:#FFFFFF;">京东拥有中国电商行业最大的仓储设施。截至2015年6月30日，京东在全国拥有7大物流中心，在全国44座城市运营166个大型仓库，拥有4142个配送站和自提点，覆盖全国2043个区县。京东专业的配送队伍能够为消费者提供一系列专业服务，如：211限时达、次日达、夜间配和三小时极速达，GIS包裹实时追踪、售后100分、快速退换货以及家电上门安装等服务，保障用户享受到卓越、全面的物流配送和完整的“端对端”购物体验。</span><br />\r\n<br />\r\n<span style="color:#5A5A5A;font-family:微软雅黑;line-height:30px;background-color:#FFFFFF;">京东是一家技术驱动的公司，从成立伊始就投入巨资开发完善可靠、能够不断升级、以电商应用服务为核心的自有技术平台。我们将继续增强公司的技术平台实力，以便更好地提升内部运营效率，同时为合作伙伴提供卓越服务。</span><br />\r\n<br />\r\n<span style="color:#5A5A5A;font-family:微软雅黑;line-height:30px;background-color:#FFFFFF;">配送服务说明：</span><br />\r\n<span style="color:#5A5A5A;font-family:微软雅黑;line-height:30px;background-color:#FFFFFF;">211限时达：当日上午11：00前提交的现货订单（部分城市为上午10点前），以订单出库完成拣货时间点开始计算，当日送达；夜里11：00前提交的现货订单（以订单出库后完成拣货时间点开始计算），次日15：00前送达。截至2015年7月31日，“211限时达”已覆盖全国135个区县。</span><br />\r\n<span style="color:#5A5A5A;font-family:微软雅黑;line-height:30px;background-color:#FFFFFF;">次日达：在一定时间点之前提交的现货订单（以订单出库后完成拣货的时间点开始计算），将于次日送达。截至2015年7月31日，“次日达”已覆盖全国951个区县。 极速达：京东为消费者提供的一项个性化付费增值服务。 消费者通过“在线支付”方式全额成功付款或“货到付款”方式成功提交订单，并勾选“极速达”服务后，京东会在服务时间内，3小时将商品送至消费者所留地址。目前，“极速达”业务在北京、上海、广州、成都、武汉、沈阳六个城市提供服务。</span><br />\r\n<span style="color:#5A5A5A;font-family:微软雅黑;line-height:30px;background-color:#FFFFFF;">夜间配：京东为消费者提供更快速、更便利的一项增值服务。消费者下单时在日历中选择“19:00-22:00”时段，属“夜间配”服务范围内的商品，京东会尽可能安排配送员在消费者选定当日晚间19:00-22:00送货上门。目前，“夜间配”业务在北京、上海、广州、成都、武汉、沈阳六个城市提供服务。211限时达：当日上午11：00前提交的现货订单（部分城市为上午10点前），以订单出库完成拣货时间点开始计算，当日送达；夜里11：00前提交的现货订单（以订单出库后完成拣货时间点开始计算），次日15：00前送达。截至2015年7月31日，“211限时达”已覆盖全国135个区县。</span><br />\r\n<span style="color:#5A5A5A;font-family:微软雅黑;line-height:30px;background-color:#FFFFFF;">次日达：在一定时间点之前提交的现货订单（以订单出库后完成拣货的时间点开始计算），将于次日送达。截至2015年7月31日，“次日达”已覆盖全国951个区县。 极速达：京东为消费者提供的一项个性化付费增值服务。 消费者通过“在线支付”方式全额成功付款或“货到付款”方式成功提交订单，并勾选“极速达”服务后，京东会在服务时间内，3小时将商品送至消费者所留地址。目前，“极速达”业务在北京、上海、广州、成都、武汉、沈阳六个城市提供服务。</span><br />\r\n<span style="color:#5A5A5A;font-family:微软雅黑;line-height:30px;background-color:#FFFFFF;">夜间配：京东为消费者提供更快速、更便利的一项增值服务。消费者下单时在日历中选择“19:00-22:00”时段，属“夜间配”服务范围内的商品，京东会尽可能安排配送员在消费者选定当日晚间19:00-22:00送货上门。目前，“夜间配”业务在北京、上海、广州、成都、武汉、沈阳六个城市提供服务。</span>', 0, 0, 17, '209', 0, 1, ''),
(6, '中国瓷器有着怎样的跌宕起伏的历史', '', '', 1461515869, 1461515869, 1, 0, '中国瓷器有着怎样的跌宕起伏的历史', '中国瓷器有着怎样的跌宕起伏的历史', 0, 0, 17, '209', 0, 1, ''),
(7, '中国瓷器有着怎样的跌宕起伏的历史123', '', '', 1461515878, 1461515878, 1, 0, '', '中国瓷器有着怎样的跌宕起伏的历史', 0, 0, 17, '201', 0, 1, ''),
(8, '阿斯顿撒大', '', '', 1461519390, 1461519390, 3, 0, '阿斯达撒旦撒', '', 0, 0, 17, '208', 0, 1, ''),
(30, '中国瓷器有着怎样的跌宕起伏的历史', '', '', 1461528996, 1461528996, 1, 0, '中国瓷器有着怎样的跌宕起伏的历史', '中国瓷器有着怎样的跌宕起伏的历史', 0, 0, 17, '201', 0, 1, '');

-- --------------------------------------------------------

--
-- 表的结构 `ewshop_article_base`
--

CREATE TABLE IF NOT EXISTS `ewshop_article_base` (
  `id` int(10) unsigned NOT NULL AUTO_INCREMENT COMMENT '主键',
  `address` varchar(255) NOT NULL COMMENT '地址',
  PRIMARY KEY (`id`)
) ENGINE=MyISAM  DEFAULT CHARSET=utf8 ROW_FORMAT=DYNAMIC AUTO_INCREMENT=31 ;

--
-- 转存表中的数据 `ewshop_article_base`
--

INSERT INTO `ewshop_article_base` (`id`, `address`) VALUES
(1, ''),
(2, ''),
(3, ''),
(4, ''),
(5, ''),
(6, ''),
(7, ''),
(8, ''),
(30, '');

-- --------------------------------------------------------

--
-- 表的结构 `ewshop_attachment`
--

CREATE TABLE IF NOT EXISTS `ewshop_attachment` (
  `id` int(10) unsigned NOT NULL AUTO_INCREMENT,
  `uid` int(10) unsigned NOT NULL DEFAULT '0' COMMENT '用户id',
  `title` char(30) NOT NULL DEFAULT '' COMMENT '附件显示名',
  `type` tinyint(3) unsigned NOT NULL DEFAULT '0' COMMENT '附件类型',
  `source` int(10) unsigned NOT NULL DEFAULT '0' COMMENT '资源id',
  `record_id` int(10) unsigned NOT NULL DEFAULT '0' COMMENT '关联记录id',
  `download` int(10) unsigned NOT NULL DEFAULT '0' COMMENT '下载次数',
  `size` bigint(20) unsigned NOT NULL DEFAULT '0' COMMENT '附件大小',
  `dir` int(12) unsigned NOT NULL DEFAULT '0' COMMENT '上级目录id',
  `sort` int(8) unsigned NOT NULL DEFAULT '0' COMMENT '排序',
  `create_time` int(10) unsigned NOT NULL DEFAULT '0' COMMENT '创建时间',
  `update_time` int(11) unsigned NOT NULL DEFAULT '0' COMMENT '更新时间',
  `status` tinyint(1) NOT NULL DEFAULT '0' COMMENT '状态',
  PRIMARY KEY (`id`),
  KEY `idx_record_status` (`record_id`,`status`)
) ENGINE=MyISAM DEFAULT CHARSET=utf8 COMMENT='附件表' AUTO_INCREMENT=1 ;

--
-- 转存表中的数据 `ewshop_attachment`
--


-- --------------------------------------------------------

--
-- 表的结构 `ewshop_attribute`
--

CREATE TABLE IF NOT EXISTS `ewshop_attribute` (
  `id` int(10) unsigned NOT NULL AUTO_INCREMENT,
  `name` varchar(30) NOT NULL DEFAULT '' COMMENT '字段名',
  `title` varchar(100) NOT NULL DEFAULT '' COMMENT '字段注释',
  `field` varchar(100) NOT NULL DEFAULT '' COMMENT '字段定义',
  `type` varchar(20) NOT NULL DEFAULT '' COMMENT '数据类型',
  `value` varchar(100) NOT NULL DEFAULT '' COMMENT '字段默认值',
  `remark` varchar(100) NOT NULL DEFAULT '' COMMENT '备注',
  `is_show` tinyint(1) unsigned NOT NULL DEFAULT '1' COMMENT '是否显示',
  `extra` varchar(255) NOT NULL DEFAULT '' COMMENT '参数',
  `model_id` int(10) unsigned NOT NULL DEFAULT '0' COMMENT '模型id',
  `is_must` tinyint(1) unsigned NOT NULL DEFAULT '0' COMMENT '是否必填',
  `status` tinyint(2) NOT NULL DEFAULT '0' COMMENT '状态',
  `update_time` int(11) unsigned NOT NULL DEFAULT '0' COMMENT '更新时间',
  `create_time` int(11) unsigned NOT NULL DEFAULT '0' COMMENT '创建时间',
  `validate_rule` varchar(255) NOT NULL DEFAULT '',
  `validate_time` tinyint(1) unsigned NOT NULL DEFAULT '0',
  `error_info` varchar(100) NOT NULL DEFAULT '',
  `validate_type` varchar(25) NOT NULL DEFAULT '',
  `auto_rule` varchar(100) NOT NULL DEFAULT '',
  `auto_time` tinyint(1) unsigned NOT NULL DEFAULT '0',
  `auto_type` varchar(25) NOT NULL DEFAULT '',
  PRIMARY KEY (`id`),
  KEY `model_id` (`model_id`)
) ENGINE=MyISAM  DEFAULT CHARSET=utf8 COMMENT='模型属性表' AUTO_INCREMENT=164 ;

--
-- 转存表中的数据 `ewshop_attribute`
--

INSERT INTO `ewshop_attribute` (`id`, `name`, `title`, `field`, `type`, `value`, `remark`, `is_show`, `extra`, `model_id`, `is_must`, `status`, `update_time`, `create_time`, `validate_rule`, `validate_time`, `error_info`, `validate_type`, `auto_rule`, `auto_time`, `auto_type`) VALUES
(1, 'uid', '用户id', 'int(10) unsigned NOT NULL ', 'num', '0', '', 0, '', 1, 0, 1, 1384508362, 1383891233, '', 0, '', '', '', 0, ''),
(2, 'name', '编号', 'char(40) NOT NULL ', 'string', '', '同一根节点下标识不重复', 1, '', 1, 0, 1, 1439295115, 1383891233, '', 0, '', 'regex', '', 0, 'function'),
(3, 'title', '产品名称', 'char(80) NOT NULL ', 'string', '', '文档标题', 1, '', 1, 0, 1, 1439295129, 1383891233, '', 0, '', 'regex', '', 0, 'function'),
(4, 'category_id', '所属分类', 'int(10) unsigned NOT NULL ', 'string', '', '', 0, '', 1, 0, 1, 1384508336, 1383891233, '', 0, '', '', '', 0, ''),
(5, 'description', '描述', 'char(140) NOT NULL ', 'textarea', '', '', 1, '', 1, 0, 1, 1383894927, 1383891233, '', 0, '', '', '', 0, ''),
(6, 'root', '根节点', 'int(10) unsigned NOT NULL ', 'num', '0', '该文档的顶级文档编号', 0, '', 1, 0, 1, 1384508323, 1383891233, '', 0, '', '', '', 0, ''),
(7, 'pid', '所属id', 'int(10) unsigned NOT NULL ', 'num', '0', '父文档编号', 0, '', 1, 0, 1, 1384508543, 1383891233, '', 0, '', '', '', 0, ''),
(8, 'model_id', '内容模型id', 'tinyint(3) unsigned NOT NULL ', 'num', '0', '该文档所对应的模型', 0, '', 1, 0, 1, 1384508350, 1383891233, '', 0, '', '', '', 0, ''),
(10, 'position', '推荐位', 'smallint(5) unsigned NOT NULL ', 'checkbox', '0', '多个推荐则将其推荐值相加', 1, '[DOCUMENT_POSITION]', 1, 0, 1, 1383895640, 1383891233, '', 0, '', '', '', 0, ''),
(11, 'link_id', '外链', 'int(10) unsigned NOT NULL ', 'num', '0', '0-非外链，大于0-外链ID,需要函数进行链接与编号的转换', 1, '', 1, 0, 1, 1383895757, 1383891233, '', 0, '', '', '', 0, ''),
(12, 'cover_id', '封面', 'int(10) unsigned NOT NULL ', 'picture', '0', '0-无封面，大于0-封面图片ID，需要函数处理', 1, '', 1, 0, 1, 1384147827, 1383891233, '', 0, '', '', '', 0, ''),
(13, 'display', '可见性', 'tinyint(3) unsigned NOT NULL ', 'radio', '1', '', 1, '0:不可见\r\n1:所有人可见', 1, 0, 1, 1386662271, 1383891233, '', 0, '', 'regex', '', 0, 'function'),
(15, 'attach', '附件数量', 'tinyint(3) unsigned NOT NULL ', 'num', '0', '', 0, '', 1, 0, 1, 1387260355, 1383891233, '', 0, '', 'regex', '', 0, 'function'),
(16, 'view', '浏览量', 'int(10) unsigned NOT NULL ', 'num', '0', '', 1, '', 1, 0, 1, 1383895835, 1383891233, '', 0, '', '', '', 0, ''),
(17, 'comment', '评论数', 'int(10) unsigned NOT NULL ', 'num', '0', '', 1, '', 1, 0, 1, 1383895846, 1383891233, '', 0, '', '', '', 0, ''),
(18, 'extend', '扩展统计字段', 'int(10) unsigned NOT NULL ', 'num', '0', '根据需求自行使用', 0, '', 1, 0, 1, 1384508264, 1383891233, '', 0, '', '', '', 0, ''),
(19, 'level', '优先级', 'int(10) unsigned NOT NULL ', 'num', '0', '越高排序越靠前', 1, '', 1, 0, 1, 1383895894, 1383891233, '', 0, '', '', '', 0, ''),
(20, 'create_time', '创建时间', 'int(10) unsigned NOT NULL ', 'datetime', '0', '', 1, '', 1, 0, 1, 1383895903, 1383891233, '', 0, '', '', '', 0, ''),
(21, 'update_time', '更新时间', 'int(10) unsigned NOT NULL ', 'datetime', '0', '', 0, '', 1, 0, 1, 1384508277, 1383891233, '', 0, '', '', '', 0, ''),
(22, 'status', '数据状态', 'tinyint(4) NOT NULL ', 'radio', '0', '', 0, '-1:删除\r\n0:禁用\r\n1:正常\r\n2:待审核\r\n3:草稿', 1, 0, 1, 1384508496, 1383891233, '', 0, '', '', '', 0, ''),
(135, 'content', '详细内容', 'text NOT NULL', 'editor', '', '文章详细内容', 1, '', 2, 0, 1, 1439434669, 1438684143, '', 3, '', 'regex', '', 3, 'function'),
(129, 'update_time', '修改时间', 'int(10) unsigned NOT NULL ', 'date', '0', '', 1, '', 2, 0, 1, 1438673030, 1438670929, '', 3, '', 'regex', '', 3, 'function'),
(132, 'view', '浏览量', 'int(10) unsigned NOT NULL ', 'num', '0', '', 1, '', 2, 0, 1, 1438673301, 1438673301, '', 3, '', 'regex', '', 3, 'function'),
(134, 'shortnote', '简介描述', 'varchar(255) NOT NULL', 'string', '', '', 1, '', 2, 0, 1, 1438678996, 1438678996, '', 3, '', 'regex', '', 3, 'function'),
(138, 'pid', '所属父级分类', 'int(10) unsigned NOT NULL ', 'num', '', '父文档编号', 0, '', 2, 0, 1, 1439365540, 1438691592, '', 3, '', 'regex', '', 3, 'function'),
(139, 'model_id', '内容模型id', 'int(10) UNSIGNED NOT NULL', 'num', '', '', 1, '', 2, 0, 1, 1438692269, 1438692269, '', 3, '', 'regex', '', 3, 'function'),
(130, 'create_time', '添加时间', 'int(10) unsigned NOT NULL ', 'datetime', '0', '', 1, '', 2, 0, 1, 1438673089, 1438673089, '', 3, '', 'regex', '', 3, 'function'),
(131, 'status', '数据状态', 'tinyint(4) NOT NULL ', 'radio', '0', '', 1, '-1:删除\r\n0:禁用\r\n1:正常\r\n2:待审核\r\n3:草稿', 2, 0, 1, 1438673241, 1438673197, '', 3, '', 'regex', '', 3, 'function'),
(35, 'marketprice', '市场价', 'varchar(255) NOT NULL ', 'string', '1.00', '', 1, '', 5, 0, 1, 1411430769, 1411375944, '', 3, '', 'regex', '', 3, 'function'),
(36, 'content', '详细描述', 'text NOT NULL', 'editor', '', '', 1, '', 5, 0, 1, 1439452312, 1411376156, '', 3, '', 'regex', '', 3, 'function'),
(39, 'area', '产地', 'varchar(255) NOT NULL', 'string', '中国大陆', '', 1, '', 5, 0, 1, 1411380147, 1411380147, '', 3, '', 'regex', '', 3, 'function'),
(149, 'wxcontent', '手机端详细描述', 'text NOT NULL', 'editor', '', '手机版和微信的详细内容', 0, '', 5, 0, 1, 1460702802, 1442560932, '', 3, '', 'regex', '', 3, 'function'),
(43, 'mark', '附加标签', 'varchar(255) NOT NULL', 'checkbox', '', '', 1, '1:最新上架\r\n2:限时抢购\r\n3:热卖商品\r\n4:限时折扣', 5, 0, 1, 1461487807, 1412016196, '', 3, '', 'regex', '', 3, 'function'),
(47, 'shorttitle', '商品简称', 'varchar(255) NOT NULL', 'string', '', '商品简称', 1, '', 5, 0, 1, 1414329390, 1414329390, '', 3, '', 'regex', '', 3, 'function'),
(46, 'stock', '库存', 'int(10) UNSIGNED NOT NULL', 'num', '10', '商品库存数量', 1, '', 5, 0, 1, 1414669588, 1414177236, '', 3, '', 'regex', '', 3, 'function'),
(49, 'pics', '图集', 'varchar(255) NOT NULL', 'pictures', '', '', 1, '', 1, 0, 1, 1421992389, 1415713073, '', 3, '', 'regex', '', 3, 'function'),
(51, 'price', '价格', 'decimal(50,2) NOT NULL', 'string', '0', '零售价格', 1, '', 1, 0, 1, 1424703104, 1424703104, '', 3, '', 'regex', '', 3, 'function'),
(144, 'spec', '商品规格', 'text NOT NULL', 'editor', '', '', 1, '', 5, 0, 1, 1439468926, 1439468926, '', 3, '', 'regex', '', 3, 'function'),
(56, 'sale', '销量', 'int(10) UNSIGNED NOT NULL', 'num', '', '', 1, '', 1, 0, 1, 1424703603, 1424703603, '', 3, '', 'regex', '', 3, 'function'),
(123, 'title', '新闻名称', 'varchar(255) NOT NULL', 'string', '', '', 1, '', 2, 1, 1, 1438668739, 1438168965, '', 3, '', 'regex', '', 3, 'function'),
(127, 'author', '作者', 'varchar(16) NOT NULL', 'string', '', '作者', 1, '', 2, 0, 1, 1439434680, 1438662657, '', 3, '', 'regex', '', 3, 'function'),
(140, 'category_id', '所属分类', 'varchar(255) NOT NULL', 'string', '', '', 0, '', 2, 0, 1, 1439365425, 1438692327, '', 3, '', 'regex', '', 3, 'function'),
(141, 'address', '地址', 'varchar(255) NOT NULL', 'string', '', '', 1, '', 17, 0, 1, 1438692707, 1438692707, '', 3, '', 'regex', '', 3, 'function'),
(162, 'cover_id', '封面', 'int(10) UNSIGNED NOT NULL', 'picture', '', '0-无封面，大于0-封面图片ID，需要函数处理', 1, '', 2, 0, 1, 1448091139, 1448089626, '', 3, '', 'regex', '', 3, 'function');

-- --------------------------------------------------------

--
-- 表的结构 `ewshop_auth_extend`
--

CREATE TABLE IF NOT EXISTS `ewshop_auth_extend` (
  `group_id` mediumint(10) unsigned NOT NULL COMMENT '用户id',
  `extend_id` mediumint(8) unsigned NOT NULL COMMENT '扩展表中数据的id',
  `type` tinyint(1) unsigned NOT NULL COMMENT '扩展类型标识 1:栏目分类权限;2:模型权限',
  UNIQUE KEY `group_extend_type` (`group_id`,`extend_id`,`type`),
  KEY `uid` (`group_id`),
  KEY `group_id` (`extend_id`)
) ENGINE=MyISAM DEFAULT CHARSET=utf8 COMMENT='用户组与分类的对应关系表';

--
-- 转存表中的数据 `ewshop_auth_extend`
--

INSERT INTO `ewshop_auth_extend` (`group_id`, `extend_id`, `type`) VALUES
(1, 204, 1),
(1, 205, 1),
(1, 206, 1),
(1, 214, 1),
(1, 218, 1),
(1, 219, 1),
(1, 220, 1),
(1, 221, 1),
(1, 222, 1),
(4, 201, 1),
(4, 202, 1),
(4, 203, 1),
(4, 204, 1),
(4, 205, 1),
(4, 206, 1),
(7, 201, 1),
(7, 202, 1),
(7, 203, 1),
(7, 204, 1),
(7, 205, 1),
(7, 206, 1),
(7, 208, 1),
(7, 209, 1),
(7, 210, 1),
(7, 211, 1),
(7, 212, 1),
(7, 213, 1),
(7, 214, 1),
(7, 215, 1),
(7, 216, 1),
(7, 217, 1),
(7, 218, 1),
(7, 219, 1),
(7, 220, 1),
(7, 221, 1),
(7, 222, 1),
(7, 224, 1),
(7, 225, 1),
(7, 226, 1),
(7, 227, 1),
(7, 228, 1),
(7, 229, 1),
(7, 230, 1),
(7, 231, 1),
(7, 232, 1),
(7, 233, 1),
(7, 234, 1),
(7, 235, 1);

-- --------------------------------------------------------

--
-- 表的结构 `ewshop_auth_group`
--

CREATE TABLE IF NOT EXISTS `ewshop_auth_group` (
  `id` mediumint(8) unsigned NOT NULL AUTO_INCREMENT COMMENT '用户组id,自增主键',
  `module` varchar(20) NOT NULL DEFAULT '' COMMENT '用户组所属模块',
  `type` tinyint(4) NOT NULL DEFAULT '0' COMMENT '组类型',
  `title` char(20) NOT NULL DEFAULT '' COMMENT '用户组中文名称',
  `description` varchar(80) NOT NULL DEFAULT '' COMMENT '描述信息',
  `status` tinyint(1) NOT NULL DEFAULT '1' COMMENT '用户组状态：为1正常，为0禁用,-1为删除',
  `rules` text NOT NULL COMMENT '用户组拥有的规则id，多个规则 , 隔开',
  PRIMARY KEY (`id`)
) ENGINE=MyISAM  DEFAULT CHARSET=utf8 AUTO_INCREMENT=8 ;

--
-- 转存表中的数据 `ewshop_auth_group`
--

INSERT INTO `ewshop_auth_group` (`id`, `module`, `type`, `title`, `description`, `status`, `rules`) VALUES
(1, 'admin', 1, '系统用户组', '', 1, '1,2,3,4,5,6,7,8,9,10,11,12,13,14,15,16,17,18,19,20,24,25,26,27,28,29,30,31,32,33,34,36,37,38,39,40,41,42,43,44,45,46,47,48,49,50,51,52,53,54,55,56,57,58,59,60,61,62,63,64,65,66,67,68,69,70,71,72,73,74,75,76,77,78,79,80,81,82,86,87,88,89,90,91,92,93,94,98,99,100,101,102,103,104,105,107,108,109,111,112,113,114,116,117,119,121,122,123,124,125,126,127,128,130,131,133,134,135,136,137,138,139,141,143,145,146,147,148,149,150,151,152,153,154,157,158,159,160,161,162,164,165,166,167,168,169,170,171,173,174,175,176,177,178,179,180,182,183,184,185,187,188,189,190,191,192,193,194,195,196,197,198,199,200,201,202,203,204,205,206,207,208,209,210,211,212,213,214,215,216,217,218,219,220,221,222,223,224,225,226,227,228,229,230,231,232,233,234,235,236,237,238,239,240,241,242,243,244,245,246,247,248,249,250,251,252,253,254,255,256,259,260,262,263,264,265,266,267,268,269,270,271,272,274,275,276,277,278,279,280,283'),
(7, 'admin', 1, '编辑组', '', 1, '');

-- --------------------------------------------------------

--
-- 表的结构 `ewshop_auth_group_access`
--

CREATE TABLE IF NOT EXISTS `ewshop_auth_group_access` (
  `uid` int(10) unsigned NOT NULL COMMENT '用户id',
  `group_id` mediumint(8) unsigned NOT NULL COMMENT '用户组id',
  UNIQUE KEY `uid_group_id` (`uid`,`group_id`),
  KEY `uid` (`uid`),
  KEY `group_id` (`group_id`)
) ENGINE=MyISAM DEFAULT CHARSET=utf8;

--
-- 转存表中的数据 `ewshop_auth_group_access`
--


-- --------------------------------------------------------

--
-- 表的结构 `ewshop_auth_rule`
--

CREATE TABLE IF NOT EXISTS `ewshop_auth_rule` (
  `id` mediumint(8) unsigned NOT NULL AUTO_INCREMENT COMMENT '规则id,自增主键',
  `module` varchar(20) NOT NULL COMMENT '规则所属module',
  `type` tinyint(2) NOT NULL DEFAULT '1' COMMENT '1-url;2-主菜单',
  `name` char(80) NOT NULL DEFAULT '' COMMENT '规则唯一英文标识',
  `title` char(20) NOT NULL DEFAULT '' COMMENT '规则中文描述',
  `status` tinyint(1) NOT NULL DEFAULT '1' COMMENT '是否有效(0:无效,1:有效)',
  `condition` varchar(300) NOT NULL DEFAULT '' COMMENT '规则附加条件',
  PRIMARY KEY (`id`),
  KEY `module` (`module`,`status`,`type`)
) ENGINE=MyISAM  DEFAULT CHARSET=utf8 AUTO_INCREMENT=293 ;

--
-- 转存表中的数据 `ewshop_auth_rule`
--

INSERT INTO `ewshop_auth_rule` (`id`, `module`, `type`, `name`, `title`, `status`, `condition`) VALUES
(1, 'admin', 1, 'Control/article/index', '文档列表', 1, ''),
(2, 'admin', 1, 'Control/article/add', '新增', 1, ''),
(3, 'admin', 1, 'Control/article/edit', '编辑', 1, ''),
(4, 'admin', 1, 'Control/article/setStatus', '改变状态', 1, ''),
(5, 'admin', 1, 'Control/article/update', '保存', 1, ''),
(6, 'admin', 1, 'Control/article/autoSave', '保存草稿', 1, ''),
(7, 'admin', 1, 'Control/article/move', '移动', 1, ''),
(8, 'admin', 1, 'Control/article/copy', '复制', 1, ''),
(9, 'admin', 1, 'Control/article/paste', '粘贴', 1, ''),
(10, 'admin', 1, 'Control/article/batchOperate', '导入', 1, ''),
(11, 'admin', 1, 'Control/article/recycle', '回收站', 1, ''),
(12, 'admin', 1, 'Control/article/permit', '还原', 1, ''),
(13, 'admin', 1, 'Control/article/clear', '清空', 1, ''),
(14, 'admin', 1, 'Control/User/index', '用户信息', 1, ''),
(15, 'admin', 1, 'Control/User/add', '新增用户', 1, ''),
(16, 'admin', 1, 'Control/User/action', '用户行为', 1, ''),
(17, 'admin', 1, 'Control/User/addaction', '新增', 1, ''),
(18, 'admin', 1, 'Control/User/editaction', '编辑', 1, ''),
(19, 'admin', 1, 'Control/User/saveaction', '保存', 1, ''),
(20, 'admin', 1, 'Control/User/setStatus', '变更行为状态', 1, ''),
(21, 'admin', 1, 'Control/User/changeStatus?method=forbidUser', '禁用会员', -1, ''),
(22, 'admin', 1, 'Control/User/changeStatus?method=resumeUser', '启用会员', -1, ''),
(23, 'admin', 1, 'Control/User/changeStatus?method=deleteUser', '删除会员', -1, ''),
(24, 'admin', 1, 'Control/AuthManager/changeStatus?method=deleteGroup', '删除', 1, ''),
(25, 'admin', 1, 'Control/AuthManager/changeStatus?method=forbidGroup', '禁用', 1, ''),
(26, 'admin', 1, 'Control/AuthManager/changeStatus?method=resumeGroup', '恢复', 1, ''),
(27, 'admin', 1, 'Control/AuthManager/createGroup', '新增', 1, ''),
(28, 'admin', 1, 'Control/AuthManager/editGroup', '编辑', 1, ''),
(29, 'admin', 1, 'Control/AuthManager/writeGroup', '保存用户组', 1, ''),
(30, 'admin', 1, 'Control/AuthManager/group', '授权', 1, ''),
(31, 'admin', 1, 'Control/AuthManager/access', '访问授权', 1, ''),
(32, 'admin', 1, 'Control/AuthManager/user', '成员授权', 1, ''),
(33, 'admin', 1, 'Control/AuthManager/removeFromGroup', '解除授权', 1, ''),
(34, 'admin', 1, 'Control/AuthManager/addToGroup', '保存成员授权', 1, ''),
(35, 'admin', 1, 'Control/AuthManager/category', '分类授权', -1, ''),
(36, 'admin', 1, 'Control/AuthManager/addToCategory', '保存分类授权', 1, ''),
(37, 'admin', 1, 'Control/AuthManager/modelauth', '模型授权', 1, ''),
(38, 'admin', 1, 'Control/AuthManager/addToModel', '保存模型授权', 1, ''),
(39, 'admin', 1, 'Control/Addons/create', '创建', 1, ''),
(40, 'admin', 1, 'Control/Addons/checkForm', '检测创建', 1, ''),
(41, 'admin', 1, 'Control/Addons/preview', '预览', 1, ''),
(42, 'admin', 1, 'Control/Addons/build', '快速生成插件', 1, ''),
(43, 'admin', 1, 'Control/Addons/config', '设置', 1, ''),
(44, 'admin', 1, 'Control/Addons/disable', '禁用', 1, ''),
(45, 'admin', 1, 'Control/Addons/enable', '启用', 1, ''),
(46, 'admin', 1, 'Control/Addons/install', '安装', 1, ''),
(47, 'admin', 1, 'Control/Addons/uninstall', '卸载', 1, ''),
(48, 'admin', 1, 'Control/Addons/saveconfig', '更新配置', 1, ''),
(49, 'admin', 1, 'Control/Addons/adminList', '插件后台列表', 1, ''),
(50, 'admin', 1, 'Control/Addons/execute', 'URL方式访问插件', 1, ''),
(51, 'admin', 1, 'Control/model/add', '新增', 1, ''),
(52, 'admin', 1, 'Control/model/edit', '编辑', 1, ''),
(53, 'admin', 1, 'Control/model/setStatus', '改变状态', 1, ''),
(54, 'admin', 1, 'Control/model/update', '保存数据', 1, ''),
(55, 'admin', 1, 'Control/Attribute/add', '新增', 1, ''),
(56, 'admin', 1, 'Control/Attribute/edit', '编辑', 1, ''),
(57, 'admin', 1, 'Control/Attribute/setStatus', '改变状态', 1, ''),
(58, 'admin', 1, 'Control/Attribute/update', '保存数据', 1, ''),
(59, 'admin', 1, 'Control/Config/edit', '编辑', 1, ''),
(60, 'admin', 1, 'Control/Config/del', '删除', 1, ''),
(61, 'admin', 1, 'Control/Config/add', '新增', 1, ''),
(62, 'admin', 1, 'Control/Config/save', '保存', 1, ''),
(63, 'admin', 1, 'Control/Channel/add', '新增', 1, ''),
(64, 'admin', 1, 'Control/Channel/edit', '编辑', 1, ''),
(65, 'admin', 1, 'Control/Channel/del', '删除', 1, ''),
(66, 'admin', 1, 'Control/Database/export', '备份', 1, ''),
(67, 'admin', 1, 'Control/Database/optimize', '优化表', 1, ''),
(68, 'admin', 1, 'Control/Database/repair', '修复表', 1, ''),
(69, 'admin', 1, 'Control/Database/import', '恢复', 1, ''),
(70, 'admin', 1, 'Control/Database/del', '删除', 1, ''),
(71, 'admin', 1, 'Control/Action/actionlog', '行为日志', 1, ''),
(72, 'admin', 1, 'Control/Action/edit', '详细', 1, ''),
(73, 'admin', 1, 'Control/think/add', '新增数据', 1, ''),
(74, 'admin', 1, 'Control/think/edit', '编辑数据', 1, ''),
(75, 'admin', 1, 'Control/Model/generate', '生成', 1, ''),
(76, 'admin', 1, 'Control/Addons/addHook', '新增钩子', 1, ''),
(77, 'admin', 1, 'Control/Addons/edithook', '编辑钩子', 1, ''),
(78, 'admin', 1, 'Control/Article/sort', '文档排序', 1, ''),
(79, 'admin', 1, 'Control/Config/sort', '排序', 1, ''),
(80, 'admin', 1, 'Control/Channel/sort', '排序', 1, ''),
(81, 'admin', 1, 'Control/think/lists', '数据列表', 1, ''),
(82, 'admin', 1, 'Control/Article/examine', '审核列表', 1, ''),
(83, 'admin', 1, 'Control/Cancel/index', '申请取消的订单', -1, ''),
(84, 'admin', 1, 'Control/Cancelrefuse/index', '拒绝的订单', -1, ''),
(85, 'admin', 1, 'Control/Cancelagree/index', '取消的订单', -1, ''),
(86, 'admin', 1, 'Control/Brand/index', '品牌管理', 1, ''),
(87, 'admin', 1, 'Control/Ad/index', '广告', 1, ''),
(88, 'admin', 1, 'Control/Weixin/index', '微信配置', 1, ''),
(89, 'admin', 1, 'Control/Weixin/menu', '自定义菜单', 1, ''),
(90, 'admin', 1, 'Control/Weixin/guanzhu', '关注回复', 1, ''),
(91, 'admin', 1, 'Control/Weixin/keywords', '自定义回复', 1, ''),
(92, 'admin', 1, 'Control/Adposition/index', '广告位', 1, ''),
(93, 'admin', 1, 'Control/goods/index', '产品列表', 1, ''),
(94, 'admin', 1, 'Control/goods/recycle', '产品回收站', 1, ''),
(95, 'admin', 1, 'Control/Teacher/sphere', '领域列表', -1, ''),
(96, 'admin', 1, 'Control/Teacher/city', '地区列表', -1, ''),
(97, 'admin', 1, 'Control/Teacher/project', '项目管理', -1, ''),
(98, 'admin', 1, 'Control/Admin/submitNickname', '提交', 1, ''),
(99, 'admin', 1, 'Control/Back/index?status=0', '申请退货', 1, ''),
(100, 'admin', 1, 'Control/Admin/submitPassword', '提交', 1, ''),
(101, 'admin', 1, 'Control/Admin/add', '添加', 1, ''),
(102, 'admin', 1, 'Control/Admin/edit', '编辑', 1, ''),
(103, 'admin', 1, 'Control/Admin/changeStatus/method/resumeUser', '启用', 1, ''),
(104, 'admin', 1, 'Control/Admin/changeStatus/method/forbidUser', '禁用', 1, ''),
(105, 'admin', 1, 'Control/Admin/changeStatus/method/deleteUser', '删除', 1, ''),
(106, 'admin', 1, 'Control/about/contactus.html', '测试', -1, ''),
(107, 'admin', 1, 'Control/GoodsExtend/add', '添加', 1, ''),
(108, 'admin', 1, 'Control/GoodsExtend/edit', '编辑', 1, ''),
(109, 'admin', 1, 'Control/GoodsExtend/del', '删除', 1, ''),
(110, 'admin', 2, 'Control/Index/index', '首页', -1, ''),
(111, 'admin', 1, 'Control/Config/group', '网站设置', 1, ''),
(112, 'admin', 1, 'Control/Category/add', '新增', 1, ''),
(113, 'admin', 1, 'Control/Database/index?type=export', '备份数据库', 1, ''),
(114, 'admin', 1, 'Control/Menu/add', '新增', 1, ''),
(115, 'admin', 1, 'Control/Fcoupon/index', '优惠券', -1, ''),
(116, 'admin', 1, 'Control/Order/index', '所有订单', 1, ''),
(117, 'admin', 1, 'Control/Page/index', '单页分类', 1, ''),
(118, 'admin', 1, 'Control/Disbut/member', '分销商查询', -1, ''),
(119, 'admin', 1, 'Control/Cash/index', '提现审核', 1, ''),
(120, 'admin', 1, 'Control/Institution/index', '机构会员', -1, ''),
(121, 'admin', 1, 'Control/Admin/index', '管理员管理', 1, ''),
(122, 'admin', 1, 'Control/GoodsType/add', '添加', 1, ''),
(123, 'admin', 1, 'Control/AuthManager/index', '角色管理', 1, ''),
(124, 'admin', 2, 'Control/Config/group', '系统', 1, ''),
(125, 'admin', 1, 'Control/Channel/index', '导航管理', 1, ''),
(126, 'admin', 1, 'Control/Category/edit', '编辑', 1, ''),
(127, 'admin', 1, 'Control/Database/index?type=import', '还原数据库', 1, ''),
(128, 'admin', 1, 'Control/Menu/edit', '编辑', 1, ''),
(129, 'admin', 1, 'Control/Ordertransport/index', '待收货订单', -1, ''),
(130, 'admin', 1, 'Control/Catearticle/index', '文章分类', 1, ''),
(131, 'admin', 1, 'Control/Cash/right', '成功的提现', 1, ''),
(132, 'admin', 1, 'Control/Institution/audit', '待审核机构', -1, ''),
(133, 'admin', 1, 'Control/GoodsType/edit', '编辑', 1, ''),
(134, 'admin', 1, 'Control/Addons/index', '插件管理', 1, ''),
(135, 'admin', 1, 'Control/Addons/hooks', '钩子管理', 1, ''),
(136, 'admin', 1, 'Control/Menu/index', '菜单管理', 1, ''),
(137, 'admin', 1, 'Control/Category/index', '商品分类', 1, ''),
(138, 'admin', 1, 'Control/Admin/updateNickname', '修改昵称', 1, ''),
(139, 'admin', 1, 'Control/Menu/sort', '排序', 1, ''),
(140, 'admin', 1, 'Control/Ordercomplete/index', '已签收订单', -1, ''),
(141, 'admin', 2, 'Control/Goods/index', '商品', 1, ''),
(142, 'admin', 1, 'Control/Disbut/dislevel', '分销数量分配设置', -1, ''),
(143, 'admin', 1, 'Control/Cash/wrong', '驳回的提现', 1, ''),
(144, 'admin', 1, 'Control/Teacher/index', '老师列表', -1, ''),
(145, 'admin', 1, 'Control/Category/setStatus', '禁用', 1, ''),
(146, 'admin', 1, 'Control/GoodsType/del', '删除', 1, ''),
(147, 'admin', 2, 'Control/Article/index', '文章', 1, ''),
(148, 'admin', 1, 'Control/Config/index', '配置管理', 1, ''),
(149, 'admin', 1, 'Control/Category/operate/type/move', '移动', 1, ''),
(150, 'admin', 1, 'Control/Admin/updatePassword', '修改密码', 1, ''),
(151, 'admin', 1, 'Control/Menu/import', '导入', 1, ''),
(152, 'admin', 1, 'Control/Back/index', '正退货订单', 1, ''),
(153, 'admin', 1, 'Control/Pay/index', '财务管理', 1, ''),
(154, 'admin', 1, 'Control/GoodsType/index', '商品类型', 1, ''),
(155, 'admin', 1, 'Control/Orderall/index', '所有订单', -1, ''),
(156, 'admin', 1, 'Control/Teacher/lesson', '课程列表', -1, ''),
(157, 'admin', 1, 'Control/Model/index', '模型管理', 1, ''),
(158, 'admin', 1, 'Control/Category/operate/type/merge', '合并', 1, ''),
(159, 'admin', 2, 'Control/Ad/index', '促销', 1, ''),
(160, 'admin', 1, 'Control/Back/index?status=3', '拒绝退货订单', 1, ''),
(161, 'admin', 1, 'Control/GoodsExtend/index', '商品扩展字段表', 1, ''),
(162, 'admin', 1, 'Control/Comment/index', '评论管理', 1, ''),
(163, 'admin', 1, 'Control/Institution/market', '销售列表', -1, ''),
(164, 'admin', 1, 'Control/Menu/del', '删除', 1, ''),
(165, 'admin', 2, 'Control/User/index', '用户', 1, ''),
(166, 'admin', 1, 'Control/Attribute/index', '属性管理', 1, ''),
(167, 'admin', 1, 'Control/Category/remove', '删除', 1, ''),
(168, 'admin', 1, 'Control/Backon/index', '退货中订单', 1, ''),
(169, 'admin', 1, 'Control/Email/index', '邮件管理', 1, ''),
(170, 'admin', 1, 'Control/Back/aindex?status=2', '同意退货订单', 1, ''),
(171, 'admin', 1, 'Control/Sms/index', '短信管理', 1, ''),
(172, 'admin', 2, 'Control/Teacher/index', '机构', -1, ''),
(173, 'admin', 1, 'Control/Cache/delcache', '清除缓存', 1, ''),
(174, 'admin', 2, 'Control/Order/index', '订单', 1, ''),
(175, 'admin', 1, 'Control/Back/index?status=5', '已退货订单', 1, ''),
(176, 'admin', 1, 'Control/Envelope/index', '站内信管理', 1, ''),
(177, 'admin', 1, 'Control/Change/index?status=0', '申请换货商品', 1, ''),
(178, 'admin', 2, 'Control/Statistics/index', '数据', 1, ''),
(179, 'admin', 1, 'Control/Message/index', '留言管理', 1, ''),
(180, 'admin', 1, 'Control/Change/aindex?status=2', '同意换货商品', 1, ''),
(181, 'admin', 1, 'Control/Reply/index', '回复管理', -1, ''),
(182, 'admin', 2, 'Control/Weixin/index', '微信', 1, ''),
(183, 'admin', 1, 'Control/Change/index?status=3', '拒绝换货订单', 1, ''),
(184, 'admin', 1, 'Control/Changeon/index', '换货中订单', 1, ''),
(185, 'admin', 2, 'Control/Addons/index', '扩展', 1, ''),
(186, 'admin', 2, 'Control/other', '其他', -1, ''),
(187, 'admin', 1, 'Control/Change/index?status=5', '已换货商品', 1, ''),
(188, 'admin', 1, 'Control/Statistics/index', '今日销量统计', 1, ''),
(189, 'admin', 1, 'Control/Statistics/week', '本周销量统计', 1, ''),
(190, 'admin', 1, 'Control/Statistics/month', '本月销量统计', 1, ''),
(191, 'admin', 1, 'Control/Report/index', '每日数据', 1, ''),
(192, 'admin', 1, 'Control/Report/week', '每周数据', 1, ''),
(193, 'admin', 1, 'Control/Report/month', '每月统计', 1, ''),
(194, 'admin', 1, 'Control/Lookup/index', '首页统计', 1, ''),
(195, 'admin', 1, 'Control/Lookup/category', '栏目页统计', 1, ''),
(196, 'admin', 1, 'Control/Lookup/article', '内容页统计', 1, ''),
(197, 'admin', 1, 'Control/User/changeStatus/method/deleteUser', '删除', 1, ''),
(198, 'admin', 1, 'Control/User/edit', '编辑', 1, ''),
(199, 'admin', 1, 'Control/Action/remove', '删除', 1, ''),
(200, 'admin', 1, 'Control/User/changeStatus/method/forbidUser', '禁用', 1, ''),
(201, 'admin', 1, 'Control/Action/clear', '清空', 1, ''),
(202, 'admin', 1, 'Control/Pay/add', '新增', 1, ''),
(203, 'admin', 1, 'Control/Pay/del', '删除', 1, ''),
(204, 'admin', 1, 'Control/Pay/edit', '编辑', 1, ''),
(205, 'admin', 1, 'Control/Channel/setStatus', '禁用', 1, ''),
(206, 'admin', 1, 'Control/Page/add', '新增', 1, ''),
(207, 'admin', 1, 'Control/model/del', '删除', 1, ''),
(208, 'admin', 1, 'Control/Think/del', '删除数据', 1, ''),
(209, 'admin', 1, 'Control/Page/edit', '编辑', 1, ''),
(210, 'admin', 1, 'Control/Page/setStatus', '更改状态', 1, ''),
(211, 'admin', 1, 'Control/Page/remove', '删除', 1, ''),
(212, 'admin', 1, 'Control/Page/operate/type/move', '移动', 1, ''),
(213, 'admin', 1, 'Control/Page/operate/type/merge', '合并', 1, ''),
(214, 'admin', 1, 'Control/Catearticle/add', '新增', 1, ''),
(215, 'admin', 1, 'Control/Catearticle/edit', '编辑', 1, ''),
(216, 'admin', 1, 'Control/Catearticle/setStatus', '更改状态', 1, ''),
(217, 'admin', 1, 'Control/Catearticle/remove', '删除', 1, ''),
(218, 'admin', 1, 'Control/Catearticle/operate/type/move', '移动', 1, ''),
(219, 'admin', 1, 'Control/Catearticle/operate/type/merge', '合并', 1, ''),
(220, 'admin', 1, 'Control/goods/add', '新增', 1, ''),
(221, 'admin', 1, 'Control/goods/edit', '编辑', 1, ''),
(222, 'admin', 1, 'Control/goods/setStatus', '改变状态', 1, ''),
(223, 'admin', 1, 'Control/goods/update', '保存', 1, ''),
(224, 'admin', 1, 'Control/goods/autoSave', '保存草稿', 1, ''),
(225, 'admin', 1, 'Control/goods/move', '移动', 1, ''),
(226, 'admin', 1, 'Control/goods/copy', '复制', 1, ''),
(227, 'admin', 1, 'Control/goods/paste', '粘贴', 1, ''),
(228, 'admin', 1, 'Control/goods/batchOperate', '导入', 1, ''),
(229, 'admin', 1, 'Control/goods/sort', '文档排序', 1, ''),
(230, 'admin', 1, 'Control/goods/examine', '审核列表', 1, ''),
(231, 'admin', 1, 'Control/goods/permit', '还原', 1, ''),
(232, 'admin', 1, 'Control/goods/clear', '清空', 1, ''),
(233, 'admin', 1, 'Control/Email/del', '删除', 1, ''),
(234, 'admin', 1, 'Control/Sms/add', '新增', 1, ''),
(235, 'admin', 1, 'Control/Email/add', '新增', 1, ''),
(236, 'admin', 1, 'Control/Email/edit', '编辑', 1, ''),
(237, 'admin', 1, 'Control/Ad/add', '新增', 1, ''),
(238, 'admin', 1, 'Control/Ad/edit', '编辑', 1, ''),
(239, 'admin', 1, 'Control/Ad/del', '删除', 1, ''),
(240, 'admin', 1, 'Control/Adposition/add', '新增', 1, ''),
(241, 'admin', 1, 'Control/Adposition/edit', '编辑', 1, ''),
(242, 'admin', 1, 'Control/Adposition/del', '删除', 1, ''),
(243, 'admin', 1, 'Control/Sms/edit', '编辑', 1, ''),
(244, 'admin', 1, 'Control/Sms/del/id', '删除', 1, ''),
(245, 'admin', 1, 'Control/Envelope/add', '新增', 1, ''),
(246, 'admin', 1, 'Control/Envelope/edit', '编辑', 1, ''),
(247, 'admin', 1, 'Control/Envelope/del', '删除', 1, ''),
(248, 'admin', 1, 'Control/Comment/add', '新增', 1, ''),
(249, 'admin', 1, 'Control/Comment/edit', '编辑', 1, ''),
(250, 'admin', 1, 'Control/Comment/del', '删除', 1, ''),
(251, 'admin', 1, 'Control/Message/add', '新增', 1, ''),
(252, 'admin', 1, 'Control/Message/edit', '编辑', 1, ''),
(253, 'admin', 1, 'Control/Message/del', '删除', 1, ''),
(254, 'admin', 1, 'Control/Cash/oksuccess', '转账成功', 1, ''),
(255, 'admin', 1, 'Control/Cash/edit', '驳回', 1, ''),
(256, 'admin', 1, 'Control/User/changeStatus/method/resumeUser', '启用', 1, ''),
(257, 'admin', 1, 'Control/Orderall/add', '新增', -1, ''),
(258, 'admin', 1, 'Control/Orderall/edit', '编辑', -1, ''),
(259, 'admin', 1, 'Control/Order/del', '删除', 1, ''),
(260, 'admin', 1, 'Control/Order/send', '发货', 1, ''),
(261, 'admin', 1, 'Control/Ordertransport/complete', '确认收货', -1, ''),
(262, 'admin', 1, 'Control/Order/add', '新增', 1, ''),
(263, 'admin', 1, 'Control/Order/edit', '编辑', 1, ''),
(264, 'admin', 1, 'Control/Order/complete', '确认收货', 1, ''),
(265, 'admin', 1, 'Control/Order/dfk', '待付款订单', 1, ''),
(266, 'admin', 1, 'Control/Order/dfh', '待发货的订单', 1, ''),
(267, 'admin', 1, 'Control/Order/dsh', '待收货订单', 1, ''),
(268, 'admin', 1, 'Control/Order/ywc', '已完成订单', 1, ''),
(269, 'admin', 1, 'Control/Area/areadel', '删除', 1, ''),
(270, 'admin', 1, 'Control/Area/areaedit', '新增', 1, ''),
(271, 'admin', 1, 'Control/Area/area', '地区设置', 1, ''),
(272, 'admin', 1, 'Control/Order/yqx', '已取消订单', 1, ''),
(273, 'admin', 2, 'Control/Institution/index', '机构', -1, ''),
(274, 'admin', 1, 'Control/User/address', '收货地址', 1, ''),
(275, 'admin', 1, 'Control/User/addressadd', '新增收货地址', 1, ''),
(276, 'admin', 1, 'Control/User/addressedit', '编辑收货地址', 1, ''),
(277, 'admin', 1, 'Control/User/addressdel', '删除收货地址', 1, ''),
(278, 'admin', 1, 'Control/User/account', '资金明细', 1, ''),
(279, 'admin', 1, 'Control/User/accountedit', '变动用户资金', 1, ''),
(280, 'admin', 1, 'Control/User/accountdel', '删除资金记录', 1, ''),
(281, 'admin', 1, 'Control/PromotionMj/index', '满减促销', 1, ''),
(282, 'admin', 1, 'Control/PromotionYhj/index', '优惠券', 1, ''),
(283, 'admin', 1, 'Control/Index/index', '首页', 1, ''),
(284, 'admin', 1, 'Control/AuthManager/categoryp', '分类授权', 1, ''),
(285, 'admin', 1, 'Control/AuthManager/categorya', '文章分类授权', -1, ''),
(286, 'admin', 1, 'Control/PromotionMj/add', '添加', 1, ''),
(287, 'admin', 1, 'Control/PromotionMj/edit', '编辑', 1, ''),
(288, 'admin', 1, 'Control/PromotionMj/del', '删除', 1, ''),
(289, 'admin', 1, 'Control/PromotionYhj/add', '添加', 1, ''),
(290, 'admin', 1, 'Control/PromotionYhj/edit', '编辑', 1, ''),
(291, 'admin', 1, 'Control/PromotionYhj/del', '删除', 1, ''),
(292, 'admin', 1, 'Control/PromotionDzp/index', '大转盘', 1, '');

-- --------------------------------------------------------

--
-- 表的结构 `ewshop_backlist`
--

CREATE TABLE IF NOT EXISTS `ewshop_backlist` (
  `id` int(10) NOT NULL AUTO_INCREMENT,
  `goodid` int(10) unsigned NOT NULL DEFAULT '0',
  `num` int(10) unsigned NOT NULL DEFAULT '0',
  `tool` varchar(225) NOT NULL DEFAULT '' COMMENT '订单号',
  `toolid` varchar(225) NOT NULL DEFAULT '' COMMENT '订单号',
  `status` tinyint(2) NOT NULL DEFAULT '0' COMMENT '数据状态',
  `create_time` int(10) unsigned NOT NULL DEFAULT '0',
  `info` varchar(225) NOT NULL DEFAULT '',
  `total` decimal(50,2) NOT NULL DEFAULT '0.00',
  `backinfo` varchar(225) NOT NULL DEFAULT '',
  `address` varchar(225) NOT NULL DEFAULT '',
  `update_time` int(10) unsigned NOT NULL DEFAULT '0',
  `parameters` varchar(225) NOT NULL DEFAULT '',
  `assistant` int(10) unsigned NOT NULL DEFAULT '0',
  `shopid` int(10) unsigned NOT NULL DEFAULT '0',
  `title` varchar(225) NOT NULL DEFAULT '',
  `reason` varchar(225) NOT NULL DEFAULT '',
  `contact` varchar(225) NOT NULL DEFAULT '',
  `backname` varchar(225) NOT NULL DEFAULT '',
  PRIMARY KEY (`id`)
) ENGINE=MyISAM  DEFAULT CHARSET=utf8 COMMENT='退货表' AUTO_INCREMENT=2 ;

--
-- 转存表中的数据 `ewshop_backlist`
--

INSERT INTO `ewshop_backlist` (`id`, `goodid`, `num`, `tool`, `toolid`, `status`, `create_time`, `info`, `total`, `backinfo`, `address`, `update_time`, `parameters`, `assistant`, `shopid`, `title`, `reason`, `contact`, `backname`) VALUES
(1, 0, 0, '', '', 0, 1461510721, '', '0.00', '', '', 1461510721, '', 0, 0, '', '', '', '');

-- --------------------------------------------------------

--
-- 表的结构 `ewshop_brand`
--

CREATE TABLE IF NOT EXISTS `ewshop_brand` (
  `id` int(10) unsigned NOT NULL AUTO_INCREMENT COMMENT '分类id',
  `name` varchar(30) NOT NULL DEFAULT '' COMMENT '标志',
  `title` varchar(50) NOT NULL DEFAULT '' COMMENT '标题',
  `description` varchar(255) NOT NULL DEFAULT '' COMMENT '描述',
  `create_time` int(10) unsigned NOT NULL DEFAULT '0' COMMENT '创建时间',
  `update_time` int(10) unsigned NOT NULL DEFAULT '0' COMMENT '更新时间',
  `status` tinyint(2) NOT NULL DEFAULT '0' COMMENT '数据状态1、启用2、不启用',
  `icon` int(10) unsigned NOT NULL DEFAULT '0' COMMENT '图标',
  PRIMARY KEY (`id`)
) ENGINE=MyISAM  DEFAULT CHARSET=utf8 COMMENT='品牌表' AUTO_INCREMENT=3 ;

--
-- 转存表中的数据 `ewshop_brand`
--

INSERT INTO `ewshop_brand` (`id`, `name`, `title`, `description`, `create_time`, `update_time`, `status`, `icon`) VALUES
(1, 'KSF', '康师傅', '', 1432888173, 1459158835, 1, 115),
(2, 'KSFs', '小小平', '是的', 1459157785, 1459158840, 1, 1);

-- --------------------------------------------------------

--
-- 表的结构 `ewshop_cash`
--

CREATE TABLE IF NOT EXISTS `ewshop_cash` (
  `id` int(11) NOT NULL AUTO_INCREMENT,
  `uid` int(11) NOT NULL,
  `bankpeople` varchar(32) NOT NULL,
  `bankname` varchar(128) NOT NULL,
  `bankcard` varchar(30) NOT NULL,
  `money` int(11) NOT NULL,
  `note` varchar(128) NOT NULL,
  `create_time` varchar(10) NOT NULL,
  `status` tinyint(4) NOT NULL COMMENT '0:审核中,1:成功,2:驳回',
  `update_time` varchar(10) NOT NULL,
  PRIMARY KEY (`id`)
) ENGINE=MyISAM  DEFAULT CHARSET=utf8 COMMENT='提现记录表' AUTO_INCREMENT=4 ;

--
-- 转存表中的数据 `ewshop_cash`
--

INSERT INTO `ewshop_cash` (`id`, `uid`, `bankpeople`, `bankname`, `bankcard`, `money`, `note`, `create_time`, `status`, `update_time`) VALUES
(1, 3, '小小', '北京建设银行北京分行', '991283921392183921', 100, 'xoii', '1461508880', 2, '1461509070'),
(2, 3, '小小', '北京建设银行北京分行', '991283921392183921', 1000, 'qqq', '1461509082', 2, '1461509102'),
(3, 3, '小小', '北京建设银行北京分行', '991283921392183921', 1000, '', '1461509114', 1, '1461509125');

-- --------------------------------------------------------

--
-- 表的结构 `ewshop_category`
--

CREATE TABLE IF NOT EXISTS `ewshop_category` (
  `id` int(10) unsigned NOT NULL AUTO_INCREMENT COMMENT '分类ID',
  `name` varchar(30) NOT NULL COMMENT '标志',
  `title` varchar(50) NOT NULL COMMENT '标题',
  `pid` int(10) unsigned NOT NULL DEFAULT '0' COMMENT '上级分类ID',
  `sort` int(10) unsigned NOT NULL DEFAULT '0' COMMENT '排序（同级有效）',
  `list_row` tinyint(3) unsigned NOT NULL DEFAULT '10' COMMENT '列表每页行数',
  `meta_title` varchar(50) NOT NULL DEFAULT '' COMMENT 'SEO的网页标题',
  `keywords` varchar(255) NOT NULL DEFAULT '' COMMENT '关键字',
  `description` varchar(255) NOT NULL DEFAULT '' COMMENT '描述',
  `template_index` varchar(100) NOT NULL COMMENT '频道页模板',
  `template_lists` varchar(100) NOT NULL COMMENT '列表页模板',
  `template_detail` varchar(100) NOT NULL COMMENT '详情页模板',
  `template_edit` varchar(100) NOT NULL COMMENT '编辑页模板',
  `model` varchar(100) NOT NULL DEFAULT '' COMMENT '列表绑定模型',
  `model_sub` varchar(100) NOT NULL DEFAULT '' COMMENT '子文档绑定模型',
  `type` varchar(100) NOT NULL DEFAULT '' COMMENT '允许发布的内容类型',
  `link_id` int(10) unsigned NOT NULL DEFAULT '0' COMMENT '外链',
  `allow_publish` tinyint(3) unsigned NOT NULL DEFAULT '0' COMMENT '是否允许发布内容',
  `display` tinyint(3) unsigned NOT NULL DEFAULT '0' COMMENT '可见性',
  `reply` tinyint(3) unsigned NOT NULL DEFAULT '0' COMMENT '是否允许回复',
  `check` tinyint(3) unsigned NOT NULL DEFAULT '0' COMMENT '发布的文章是否需要审核',
  `reply_model` varchar(100) NOT NULL DEFAULT '',
  `extend` text NOT NULL COMMENT '扩展设置',
  `create_time` int(10) unsigned NOT NULL DEFAULT '0' COMMENT '创建时间',
  `update_time` int(10) unsigned NOT NULL DEFAULT '0' COMMENT '更新时间',
  `status` tinyint(4) NOT NULL DEFAULT '0' COMMENT '数据状态',
  `icon` int(10) unsigned NOT NULL DEFAULT '0' COMMENT '分类图标',
  `ismenu` int(10) unsigned DEFAULT NULL COMMENT '分类属性(0:文章,1:商品,2:单页)',
  `content` text NOT NULL COMMENT '简介页内容',
  PRIMARY KEY (`id`),
  UNIQUE KEY `uk_name` (`name`) USING BTREE,
  KEY `pid` (`pid`) USING BTREE
) ENGINE=MyISAM  DEFAULT CHARSET=utf8 COMMENT='分类表' AUTO_INCREMENT=239 ;

--
-- 转存表中的数据 `ewshop_category`
--

INSERT INTO `ewshop_category` (`id`, `name`, `title`, `pid`, `sort`, `list_row`, `meta_title`, `keywords`, `description`, `template_index`, `template_lists`, `template_detail`, `template_edit`, `model`, `model_sub`, `type`, `link_id`, `allow_publish`, `display`, `reply`, `check`, `reply_model`, `extend`, `create_time`, `update_time`, `status`, `icon`, `ismenu`, `content`) VALUES
(201, 'dongtaizixun', '动态资讯', 208, 0, 10, '', '', '', '', '', '', '', '17', '', '2,1,3', 0, 1, 1, 0, 0, '', '""', 1451370500, 1451370500, 1, 0, 0, ''),
(204, 'shejipin', '食品', 0, 0, 10, '', '', '', '', '', '', '', '5', '', '', 0, 1, 1, 0, 0, '', '""', 1452496435, 1459145989, 1, 0, 1, ''),
(205, 'cd', '美妆洗护', 0, 0, 10, '', '', '', '', '', '', '', '5', '', '', 0, 1, 1, 0, 0, '', '""', 1452515731, 1459145995, 1, 0, 1, ''),
(206, 'hd', '家用电器', 0, 0, 10, '', '', '', '', '', '', '', '5', '', '', 0, 1, 1, 0, 0, '', '""', 1452516206, 1459146119, 1, 0, 1, ''),
(207, 'ddd', '网银支付', 0, 0, 10, '', '', '', '', '', '', '', '', '', '', 0, 2, 1, 0, 0, '', '""', 1452701296, 1461515526, 1, 0, 2, 'adsada啊啊'),
(208, 'helpinfo', '帮助中心', 0, 0, 10, '', '', '', '', '', '', '', '17', '', '', 0, 1, 1, 0, 0, '', '""', 1459145842, 1459145842, 1, 0, 0, ''),
(209, 'xinshou', '新手入门', 208, 0, 10, '', '', '', '', '', '', '', '17', '', '', 0, 1, 1, 0, 0, '', '""', 1459145868, 1459145868, 1, 0, 0, ''),
(210, 'peisong', '配送说明', 208, 0, 10, '', '', '', '', '', '', '', '17', '', '', 0, 1, 1, 0, 0, '', '""', 1459145887, 1459145887, 1, 0, 0, ''),
(211, 'paytype', '支付方式', 208, 0, 10, '', '', '', '', '', '', '', '17', '', '', 0, 1, 1, 0, 0, '', '""', 1459145900, 1459145900, 1, 0, 0, ''),
(212, 'service', '售后服务', 208, 0, 10, '', '', '', '', '', '', '', '17', '', '', 0, 1, 1, 0, 0, '', '""', 1459145913, 1459145913, 1, 0, 0, ''),
(213, 'shuma', '数码', 0, 0, 10, '', '', '', '', '', '', '', '5', '', '', 0, 1, 1, 0, 0, '', '""', 1459146038, 1459146038, 1, 0, 1, ''),
(214, 'fuzhuang', '服装', 0, 0, 10, '', '', '', '', '', '', '', '5', '', '', 0, 1, 1, 0, 0, '', '""', 1459146058, 1459146058, 1, 0, 1, ''),
(215, 'tushu', '图书', 0, 0, 10, '', '', '', '', '', '', '', '5', '', '', 0, 1, 1, 0, 0, '', '""', 1459146142, 1459146142, 1, 0, 1, ''),
(216, 'muying', '母婴', 0, 0, 10, '', '', '', '', '', '', '', '5', '', '', 0, 1, 1, 0, 0, '', '""', 1459146154, 1459146154, 1, 0, 1, ''),
(217, 'yundong', '运动户外', 0, 0, 10, '', '', '', '', '', '', '', '5', '', '', 0, 1, 1, 0, 0, '', '""', 1459146209, 1459146209, 1, 0, 1, ''),
(218, 'yinliao', '饮料', 204, 0, 10, '', '', '', '', '', '', '', '5', '', '', 0, 1, 1, 0, 0, '', '""', 1459146438, 1459146438, 1, 0, 1, ''),
(219, 'jiu', '酒类', 204, 0, 10, '', '', '', '', '', '', '', '5', '', '', 0, 1, 1, 0, 0, '', '""', 1459146450, 1459146450, 1, 0, 1, ''),
(220, 'shengxian', '生鲜', 204, 0, 10, '', '', '', '', '', '', '', '5', '', '', 0, 1, 1, 0, 0, '', '""', 1459146467, 1459146467, 1, 0, 1, ''),
(221, 'lingshi', '休闲食品', 204, 0, 10, '', '', '', '', '', '', '', '5', '', '', 0, 1, 1, 0, 0, '', '""', 1459146481, 1459146590, 1, 0, 1, ''),
(222, 'liangyoi', '粮油', 204, 0, 10, '', '', '', '', '', '', '', '5', '', '', 0, 1, 1, 0, 0, '', '""', 1459146519, 1459146519, 1, 0, 1, ''),
(223, 'xiebao', '运动鞋包', 217, 0, 10, '', '', '', '', '', '', '', '5', '', '', 0, 1, 1, 0, 0, '', '""', 1459146637, 1459146637, 1, 0, 1, ''),
(224, 'fushi', '运动服饰', 217, 0, 10, '', '', '', '', '', '', '', '5', '', '', 0, 1, 1, 0, 0, '', '""', 1459146647, 1459146647, 1, 0, 1, ''),
(225, 'qixing', '骑行用品', 217, 0, 10, '', '', '', '', '', '', '', '5', '', '', 0, 1, 1, 0, 0, '', '""', 1459146671, 1459146671, 1, 0, 1, ''),
(226, 'tiyu', '体育用品', 217, 0, 10, '', '', '', '', '', '', '', '5', '', '', 0, 1, 1, 0, 0, '', '""', 1459146682, 1459146682, 1, 0, 1, ''),
(227, 'chudiao', '垂钓用品', 217, 0, 10, '', '', '', '', '', '', '', '5', '', '', 0, 1, 1, 0, 0, '', '""', 1459146720, 1459146720, 1, 0, 1, ''),
(228, 'naifen', '奶粉', 216, 0, 10, '', '', '', '', '', '', '', '5', '', '', 0, 1, 1, 0, 0, '', '""', 1459146744, 1459146744, 1, 0, 1, ''),
(229, 'yingyangfushi', '营养辅食', 216, 0, 10, '', '', '', '', '', '', '', '5', '', '', 0, 1, 1, 0, 0, '', '""', 1459146766, 1459146766, 1, 0, 1, ''),
(230, 'niaoku', '尿裤湿巾', 216, 0, 10, '', '', '', '', '', '', '', '5', '', '', 0, 1, 1, 0, 0, '', '""', 1459146804, 1459146804, 1, 0, 1, ''),
(231, 'tongche', '童车童床', 216, 0, 10, '', '', '', '', '', '', '', '5', '', '', 0, 1, 1, 0, 0, '', '""', 1459146819, 1459146819, 1, 0, 1, ''),
(232, 'xihuyongpin', '洗护用品', 216, 0, 10, '', '', '', '', '', '', '', '5', '', '', 0, 1, 1, 0, 0, '', '""', 1459146848, 1459146848, 1, 0, 1, ''),
(233, 'jingguan', '经管励志', 215, 0, 10, '', '', '', '', '', '', '', '5', '', '', 0, 1, 1, 0, 0, '', '""', 1459146877, 1459146877, 1, 0, 1, ''),
(234, 'shenghuo', '生活类', 215, 0, 10, '', '', '', '', '', '', '', '5', '', '', 0, 1, 1, 0, 0, '', '""', 1459146907, 1459146907, 1, 0, 1, ''),
(235, 'renwen', '人文社科', 215, 0, 10, '', '', '', '', '', '', '', '5', '', '', 0, 1, 1, 0, 0, '', '""', 1459147677, 1459147677, 1, 0, 1, ''),
(236, 'mianfen', '面粉', 222, 0, 10, '', '', '', '', '', '', '', '5', '', '', 0, 1, 1, 0, 0, '', '""', 1460644077, 1460644077, 1, 0, 1, ''),
(237, 'zfb', '支付宝支付', 0, 0, 10, '', '', '', '', '', '', '', '', '', '', 0, 2, 1, 0, 0, '', '""', 1461515539, 1461515539, 1, 0, 2, ''),
(238, 'kjzf', '快捷支付', 0, 0, 10, '', '', '', '', '', '', '', '', '', '', 0, 2, 1, 0, 0, '', '""', 1461515553, 1461515553, 1, 0, 2, '');

-- --------------------------------------------------------

--
-- 表的结构 `ewshop_change`
--

CREATE TABLE IF NOT EXISTS `ewshop_change` (
  `id` int(10) NOT NULL AUTO_INCREMENT,
  `goodid` int(10) unsigned NOT NULL DEFAULT '0',
  `num` int(10) unsigned NOT NULL DEFAULT '0',
  `tool` varchar(225) NOT NULL DEFAULT '' COMMENT '订单号',
  `toolid` varchar(225) NOT NULL DEFAULT '' COMMENT '订单号',
  `uid` int(10) unsigned NOT NULL DEFAULT '0',
  `status` tinyint(2) NOT NULL DEFAULT '0',
  `create_time` int(10) unsigned NOT NULL DEFAULT '0',
  `info` varchar(225) NOT NULL DEFAULT '',
  `total` decimal(50,2) NOT NULL DEFAULT '0.00',
  `backinfo` varchar(225) NOT NULL DEFAULT '',
  `shopid` int(10) unsigned NOT NULL DEFAULT '0',
  `update_time` int(10) unsigned NOT NULL DEFAULT '0',
  `assistant` int(10) unsigned NOT NULL DEFAULT '0',
  `title` varchar(225) NOT NULL DEFAULT '',
  `reason` varchar(225) NOT NULL DEFAULT '',
  `changetool` varchar(225) NOT NULL DEFAULT '',
  `changetoolid` varchar(225) NOT NULL DEFAULT '',
  `address` varchar(225) NOT NULL DEFAULT '',
  `contact` varchar(225) NOT NULL DEFAULT '',
  `parameters` varchar(225) NOT NULL DEFAULT '',
  `backname` varchar(225) NOT NULL DEFAULT '',
  `acceptname` varchar(255) NOT NULL DEFAULT '',
  `acceptphone` varchar(225) NOT NULL DEFAULT '',
  `acceptaddress` varchar(225) NOT NULL DEFAULT '',
  PRIMARY KEY (`id`)
) ENGINE=MyISAM  DEFAULT CHARSET=utf8 COMMENT='表' AUTO_INCREMENT=3 ;

--
-- 转存表中的数据 `ewshop_change`
--

INSERT INTO `ewshop_change` (`id`, `goodid`, `num`, `tool`, `toolid`, `uid`, `status`, `create_time`, `info`, `total`, `backinfo`, `shopid`, `update_time`, `assistant`, `title`, `reason`, `changetool`, `changetoolid`, `address`, `contact`, `parameters`, `backname`, `acceptname`, `acceptphone`, `acceptaddress`) VALUES
(1, 76, 0, 'A9168228247821148785', '', 2, 0, 1448866039, 'adsadsadas', '0.00', '', 0, 0, 0, '', 'sadsad', '', '', '', '', '', '', '', '', ''),
(2, 76, 0, 'AC010632564538918905', '', 2, 0, 1449049609, 'wqewqeqw', '0.00', '', 0, 0, 0, '', '23213', '', '', '', '', '', '', '', '', '');

-- --------------------------------------------------------

--
-- 表的结构 `ewshop_channel`
--

CREATE TABLE IF NOT EXISTS `ewshop_channel` (
  `id` int(10) unsigned NOT NULL AUTO_INCREMENT COMMENT '频道ID',
  `pid` int(10) unsigned NOT NULL DEFAULT '0' COMMENT '上级频道ID',
  `title` char(30) NOT NULL COMMENT '频道标题',
  `url` char(100) NOT NULL COMMENT '频道连接',
  `type` int(1) NOT NULL DEFAULT '1' COMMENT '菜单类型：1头部导航2底部导航',
  `sort` int(10) unsigned NOT NULL DEFAULT '0' COMMENT '导航排序',
  `create_time` int(10) unsigned NOT NULL DEFAULT '0' COMMENT '创建时间',
  `update_time` int(10) unsigned NOT NULL DEFAULT '0' COMMENT '更新时间',
  `status` tinyint(4) NOT NULL DEFAULT '0' COMMENT '状态',
  `target` tinyint(2) unsigned NOT NULL DEFAULT '0' COMMENT '新窗口打开',
  PRIMARY KEY (`id`),
  KEY `pid` (`pid`)
) ENGINE=MyISAM  DEFAULT CHARSET=utf8 AUTO_INCREMENT=35 ;

--
-- 转存表中的数据 `ewshop_channel`
--

INSERT INTO `ewshop_channel` (`id`, `pid`, `title`, `url`, `type`, `sort`, `create_time`, `update_time`, `status`, `target`) VALUES
(10, 0, '首页', 'index.html', 1, 1, 1452700022, 1452700209, 1, 0),
(11, 0, '热卖专区', 'Home/Index/ewhot', 1, 3, 1459145311, 1461517863, 1, 0),
(12, 0, '食品专区', 'Home/Goods/index/category/shejipin', 1, 6, 1459145325, 1461516795, 1, 0),
(13, 0, '数码专区', 'Home/Goods/index/category/shuma', 1, 7, 1459145506, 1461516846, 1, 0),
(14, 0, '新手帮助', '#', 2, 8, 1460629183, 1460629874, 1, 0),
(15, 0, '支付方式', '#', 2, 9, 1460629201, 1460629881, 1, 0),
(16, 0, '售后服务', '#', 2, 10, 1460629215, 1460629888, 1, 0),
(17, 0, '关于我们', '#', 2, 11, 1460629235, 1460629897, 1, 0),
(18, 14, '购物指南', '/Home/service/shows/id/4', 2, 0, 1460629266, 1461515314, 1, 0),
(19, 14, '常见问题', '/Home/service/shows/id/5', 2, 2, 1460629288, 1461515323, 1, 0),
(20, 14, '在线客服', '#', 2, 3, 1460629301, 1460629301, 1, 0),
(21, 15, '网银支付', 'Home/service/page/catid/207', 2, 1, 1460629316, 1461515621, 1, 0),
(22, 15, '支付宝支付', 'Home/service/page/catid/237', 2, 3, 1460629332, 1461515636, 1, 0),
(23, 15, '快捷支付', 'Home/service/page/catid/238', 2, 3, 1460629352, 1461515646, 1, 0),
(24, 16, '咨询与投诉', '#', 2, 0, 1460629375, 1460629375, 1, 0),
(25, 16, '退货政策', '#', 2, 1, 1460629390, 1460629390, 1, 0),
(26, 16, '退货流程', '#', 2, 3, 1460629406, 1460629406, 1, 0),
(27, 17, '公司介绍', '#', 2, 0, 1460629429, 1460629429, 1, 0),
(28, 17, '服务理念', '#', 2, 1, 1460629438, 1460629438, 1, 0),
(29, 17, '加入我们', '#', 2, 3, 1460629451, 1460629451, 1, 0),
(30, 17, '联系我们', '#', 2, 3, 1460629467, 1460629467, 1, 0),
(31, 0, '服装城', 'Home/Goods/index/category/fuzhuang', 1, 4, 1460629833, 1461516865, 1, 0),
(32, 0, '美妆洗护', 'Home/Goods/index/category/cd', 1, 5, 1460629927, 1461516924, 1, 0),
(33, 17, '公司动态', 'Home/service/lists/catid/201', 2, 5, 1461516318, 1461516318, 1, 0),
(34, 0, '新品特供', 'Home/Index/ewnew', 1, 2, 1461517020, 1461517856, 1, 0);

-- --------------------------------------------------------

--
-- 表的结构 `ewshop_comment`
--

CREATE TABLE IF NOT EXISTS `ewshop_comment` (
  `id` int(10) NOT NULL AUTO_INCREMENT,
  `goodid` int(100) unsigned NOT NULL DEFAULT '0',
  `create_time` int(10) unsigned NOT NULL DEFAULT '0',
  `score` int(5) unsigned NOT NULL DEFAULT '0',
  `update_time` int(10) unsigned NOT NULL DEFAULT '0',
  `goodscore` int(5) unsigned NOT NULL DEFAULT '0',
  `servicescore` int(5) unsigned NOT NULL DEFAULT '0',
  `deliveryscore` int(5) unsigned NOT NULL DEFAULT '0',
  `content` varchar(225) DEFAULT NULL,
  `tag` varchar(225) DEFAULT NULL,
  `pics` varchar(225) NOT NULL DEFAULT '' COMMENT '图片',
  `status` tinyint(2) NOT NULL DEFAULT '0' COMMENT '1-可见 -1-无效',
  `uid` int(10) unsigned NOT NULL DEFAULT '0',
  PRIMARY KEY (`id`)
) ENGINE=MyISAM  DEFAULT CHARSET=utf8 COMMENT='评论表' AUTO_INCREMENT=83 ;

--
-- 转存表中的数据 `ewshop_comment`
--

INSERT INTO `ewshop_comment` (`id`, `goodid`, `create_time`, `score`, `update_time`, `goodscore`, `servicescore`, `deliveryscore`, `content`, `tag`, `pics`, `status`, `uid`) VALUES
(82, 120, 1448864553, 0, 0, 0, 0, 0, '好用没得说', 'A9141013289497639190', '', 1, 2);

-- --------------------------------------------------------

--
-- 表的结构 `ewshop_config`
--

CREATE TABLE IF NOT EXISTS `ewshop_config` (
  `id` int(10) unsigned NOT NULL AUTO_INCREMENT COMMENT '配置ID',
  `name` varchar(30) NOT NULL DEFAULT '' COMMENT '配置名称',
  `type` tinyint(3) unsigned NOT NULL DEFAULT '0' COMMENT '配置类型',
  `title` varchar(50) NOT NULL DEFAULT '' COMMENT '配置说明',
  `group` tinyint(3) unsigned NOT NULL DEFAULT '0' COMMENT '配置分组',
  `extra` varchar(255) NOT NULL DEFAULT '' COMMENT '配置值',
  `remark` varchar(100) NOT NULL DEFAULT '' COMMENT '配置说明',
  `create_time` int(10) unsigned NOT NULL DEFAULT '0' COMMENT '创建时间',
  `update_time` int(10) unsigned NOT NULL DEFAULT '0' COMMENT '更新时间',
  `status` tinyint(4) NOT NULL DEFAULT '0' COMMENT '状态',
  `value` text COMMENT '配置值',
  `sort` smallint(3) unsigned NOT NULL DEFAULT '0' COMMENT '排序',
  PRIMARY KEY (`id`),
  UNIQUE KEY `uk_name` (`name`),
  KEY `type` (`type`),
  KEY `group` (`group`)
) ENGINE=MyISAM  DEFAULT CHARSET=utf8 AUTO_INCREMENT=89 ;

--
-- 转存表中的数据 `ewshop_config`
--

INSERT INTO `ewshop_config` (`id`, `name`, `type`, `title`, `group`, `extra`, `remark`, `create_time`, `update_time`, `status`, `value`, `sort`) VALUES
(1, 'WEB_SITE_TITLE', 1, '网站标题', 1, '', '网站标题前台显示标题', 1378898976, 1379235274, 1, '天行云商城系统', 1),
(2, 'WEB_SITE_DESCRIPTION', 2, '网站描述', 1, '', '网站搜索引擎描述', 1378898976, 1379235841, 1, '天行云商城系统', 6),
(3, 'WEB_SITE_KEYWORD', 2, '网站关键字', 1, '', '网站搜索引擎关键字', 1378898976, 1381390100, 1, '天行云商城系统', 5),
(4, 'WEB_SITE_CLOSE', 4, '关闭站点', 1, '0:关闭,1:开启', '站点关闭后其他用户不能访问，管理员可以正常访问', 1378898976, 1379235296, 1, '1', 13),
(9, 'CONFIG_TYPE_LIST', 3, '配置类型列表', 3, '', '主要用于数据解析和页面表单的生成', 1378898976, 1379235348, 1, '0:数字\r\n1:字符\r\n2:文本\r\n3:数组\r\n4:枚举', 6),
(10, 'WEB_SITE_ICP', 1, '网站备案号', 1, '', '网站底部备案号信息', 1378900335, 1459144542, 1, '京ICP备：1099888号', 7),
(11, 'DOCUMENT_POSITION', 3, '文档推荐位', 2, '', '文档推荐位，推荐到多个位置KEY值相加即可', 1379053380, 1379235329, 1, '1:列表推荐\r\n2:频道推荐\r\n4:首页推荐', 3),
(12, 'DOCUMENT_DISPLAY', 3, '文档可见性', 2, '', '文章可见性仅影响前台显示，后台不收影响', 1379056370, 1379235322, 1, '0:所有人可见\r\n1:仅注册会员可见\r\n2:仅管理员可见', 4),
(13, 'COLOR_STYLE', 4, '后台模版', 1, 'default_color:默认\r\nblack_color:黑色\r\nblue_color:深蓝色\r\ncoffee_color:咖啡色\r\norange_color:橙色\r\ngreen_color:绿色\r\n', '后台颜色风格', 1379122533, 1460303250, 1, 'default_color', 14),
(20, 'CONFIG_GROUP_LIST', 3, '配置分组', 3, '', '配置分组', 1379228036, 1440147245, 1, '1:基本\r\n2:内容\r\n3:系统\r\n4:商城\r\n5:接口\r\n6:邮箱\r\n7:短信', 8),
(21, 'HOOKS_TYPE', 3, '钩子的类型', 3, '', '类型 1-用于扩展显示内容，2-用于扩展业务处理', 1379313397, 1379313407, 1, '1:视图\r\n2:控制器', 10),
(22, 'AUTH_CONFIG', 3, 'Auth配置', 3, '', '自定义Auth.class.php类配置', 1379409310, 1379409564, 1, 'AUTH_ON:1\r\nAUTH_TYPE:2', 12),
(23, 'OPEN_DRAFTBOX', 4, '是否开启草稿功能', 2, '0:关闭草稿功能\r\n1:开启草稿功能\r\n', '新增文章时的草稿功能配置', 1379484332, 1379484591, 1, '1', 1),
(24, 'DRAFT_AOTOSAVE_INTERVAL', 0, '自动保存草稿时间', 2, '', '自动保存草稿的时间间隔，单位：秒', 1379484574, 1386143323, 1, '60', 2),
(25, 'LIST_ROWS', 0, '后台每页记录数', 2, '', '后台数据每页显示记录数', 1379503896, 1380427745, 1, '20', 5),
(26, 'USER_ALLOW_REGISTER', 4, '是否允许用户注册', 3, '0:关闭注册\r\n1:允许注册', '是否开放用户注册', 1379504487, 1452513214, 1, '1', 3),
(27, 'CODEMIRROR_THEME', 4, '预览插件的CodeMirror主题', 3, '3024-day:3024 day\r\n3024-night:3024 night\r\nambiance:ambiance\r\nbase16-dark:base16 dark\r\nbase16-light:base16 light\r\nblackboard:blackboard\r\ncobalt:cobalt\r\neclipse:eclipse\r\nelegant:elegant\r\nerlang-dark:erlang-dark\r\nlesser-dark:lesser-dark\r\nmidnight:midnight', '详情见CodeMirror官网', 1379814385, 1384740813, 1, 'ambiance', 7),
(28, 'DATA_BACKUP_PATH', 1, '数据库备份根路径', 3, '', '路径必须以 / 结尾', 1381482411, 1381482411, 1, './Data/', 9),
(29, 'DATA_BACKUP_PART_SIZE', 0, '数据库备份卷大小', 3, '', '该值用于限制压缩后的分卷最大长度。单位：B；建议设置20M', 1381482488, 1381729564, 1, '20971520', 11),
(30, 'DATA_BACKUP_COMPRESS', 4, '数据库备份文件是否启用压缩', 3, '0:不压缩\r\n1:启用压缩', '压缩备份文件需要PHP环境支持gzopen,gzwrite函数', 1381713345, 1381729544, 1, '1', 13),
(31, 'DATA_BACKUP_COMPRESS_LEVEL', 4, '数据库备份文件压缩级别', 3, '1:普通\r\n4:一般\r\n9:最高', '数据库备份文件的压缩级别，该配置在开启压缩时生效', 1381713408, 1381713408, 1, '9', 14),
(32, 'DEVELOP_MODE', 4, '开启开发者模式', 3, '0:关闭\r\n1:开启', '是否开启开发者模式', 1383105995, 1383291877, 1, '0', 5),
(33, 'ALLOW_VISIT', 3, '不受限控制器方法', 0, '', '', 1386644047, 1386644741, 1, '0:article/draftbox\r\n1:article/mydocument\r\n2:Category/tree\r\n3:Index/verify\r\n4:file/upload\r\n5:file/download\r\n6:user/updatePassword\r\n7:user/updateNickname\r\n8:user/submitPassword\r\n9:user/submitNickname\r\n10:file/uploadpicture', 0),
(34, 'DENY_VISIT', 3, '超管专限控制器方法', 0, '', '仅超级管理员可访问的控制器方法', 1386644141, 1386644659, 1, '0:Addons/addhook\r\n1:Addons/edithook\r\n2:Addons/delhook\r\n3:Addons/updateHook\r\n4:Admin/getMenus\r\n5:Admin/recordList\r\n6:AuthManager/updateRules\r\n7:AuthManager/tree', 0),
(35, 'REPLY_LIST_ROWS', 0, '回复列表每页条数', 2, '', '', 1386645376, 1387178083, 1, '10', 6),
(36, 'ADMIN_ALLOW_IP', 2, '后台允许访问IP', 3, '', '多个用逗号分隔，如果不配置表示不限制IP访问', 1387165454, 1387165553, 1, '', 4),
(37, 'SHOW_PAGE_TRACE', 4, '是否显示页面Trace', 3, '0:关闭\r\n1:开启', '是否显示页面Trace信息', 1387165685, 1387165685, 1, '0', 2),
(40, 'HOTSEARCH', 1, '热词', 1, '', '热门搜索词，必须逗号隔开', 1413221018, 1414964609, 1, '不锈钢刀叉,骨质瓷白盘,餐盘,茶具', 2),
(41, 'SHIPMONEY', 0, '运费', 4, '', '低于一定金额的运费', 1414001070, 1452513259, 1, '10', 6),
(42, 'LOWWEST', 0, '最低消费金额', 4, '', '用户最低消费的金额，低于该金额，则增加运费', 1414001165, 1452513253, 1, '0', 7),
(43, 'RATIO', 0, '积分现金兑换比', 4, '', '1000表示1000积分可兑换成1元', 1414153401, 1452513244, 1, '1000', 8),
(44, 'DEADTIME', 0, '退货有效期', 4, '', '从订单签收完成多少天内可以退货', 1414164561, 1452513238, 1, '7', 9),
(45, 'CHANGETIME', 1, '换货期', 4, '', '订单签收多少天内后可以换货', 1414164627, 1452513231, 1, '15', 10),
(46, 'QQ', 1, 'QQ客服', 4, '', '网站客服的qq代码', 1414183635, 1414664781, 1, '', 4),
(47, 'ALWW', 0, '阿里旺旺号', 4, '', '网站阿里旺旺客服', 1414183716, 1414664772, 1, '', 5),
(48, 'IP_TONGJI', 4, '开启ip访问统计', 3, '0:关闭,1:开启', '开启后追踪用户的访问页面，访问明细，访问地域', 1414244159, 1452513207, 1, '0', 1),
(49, 'LAG', 0, '统计时间间隔（小时）', 3, '', '重复访问的会员每隔多少时间统计，小于这一时间，不统计', 1414258358, 1452513200, 1, '6', 15),
(50, 'DOMAIN', 1, '网站域名', 1, '', '网站域名', 1414504643, 1414504839, 1, 'http://127.0.0.51', 3),
(51, '100KEY', 1, '0-快递100查询key', 5, '', '申请地址：http://www.kuaidi100.com/openapi/applyapi.shtml，用于查询运单号', 1414664721, 1415473565, 1, '', 0),
(52, 'ADDRESS', 1, '发货地址', 4, '', '卖家的发货地址', 1414664871, 1414664871, 1, '北京朝阳', 3),
(53, 'CONTACT', 1, '联系电话', 4, '', '卖家的联系方式', 1414664911, 1414664911, 1, '010-64127534', 2),
(54, 'SHOPNAME', 1, '卖家名称', 4, '', '卖家发货时填写的昵称', 1414665008, 1414665008, 1, '天行云', 1),
(55, 'SITENAME', 1, '网站名称', 1, '', '用于网站支付时显示，如土豆网', 1414761363, 1414761398, 1, '天行云商城系统', 4),
(56, 'ALIPAYPARTNER', 1, '1-支付宝商户号', 5, '', '这里是你在成功申请支付宝接口后获取到的PID', 1414769351, 1415137270, 1, '2088021587713510', 0),
(57, 'ALIPAYKEY', 1, '支付宝密钥', 5, '', '这里是你在成功申请支付宝接口后获取到的Key', 1414769402, 1414769402, 1, 'l0gnwizwshcqsnhkbhoeuodly4dri9mr', 0),
(67, 'TENPAYPARTNER', 1, '2-财付通合作者ID', 5, '', '合作者ID，财付通有该配置，开通财付通账户后给予', 1415472468, 1415473488, 0, '', 1),
(66, 'TENPAYKEY', 1, '财付通加密key', 5, '', '加密key，开通财付通账户后给予', 1415472288, 1415473499, 0, '', 2),
(68, 'PALPAYPARTNER', 1, '3-贝宝账号', 5, '', '合作者ID，贝宝有该配置，开通贝宝账户后给予不需密码', 1415472655, 1415473914, 0, '', 3),
(69, 'YEEPAYPARTNER', 1, '4-易付宝合作者id', 5, '', '易付宝给予的合作者id', 1415472817, 1415473522, 0, '', 4),
(64, 'ALIPAYEMAIL', 1, '支付宝收款账号', 5, '', '支付宝收款账号邮箱', 1415472043, 1415472347, 1, 'adts888@sina.com', 0),
(70, 'YEEPAYKEY', 1, '易付宝密钥', 5, '', '易付宝合作者的密钥', 1415473084, 1415473533, 0, '', 5),
(71, 'KUAIQIANPARTNER', 1, '5-快钱合作者id', 5, '', '合作者ID，快钱有该配置，开通财付通账户后给予', 1415473241, 1415473540, 0, '', 5),
(72, 'KUAIQIANKEY', 1, '快钱key', 5, '', '加密key，开通快钱账户后给予', 1415473293, 1415473553, 0, '', 5),
(73, 'UNIONPARTNER', 1, '6-银联合作者账号', 5, '', '合作者ID，银联有该配置，开通银联账户后给予', 1415473364, 1415473424, 0, '222222222222222', 6),
(74, 'UNIONKEY', 1, '银联key', 5, '', ' 加密key，开通银联账户后给予', 1415473475, 1415473475, 0, '22222222222222', 6),
(76, 'MAIL_HOST', 1, 'smtp服务器的名称', 6, '', ' smtp服务器的名称，默认QQ', 1415473475, 1415473475, 1, '', 6),
(77, 'MAIL_USERNAME', 1, '邮箱用户名', 6, '', ' 邮箱用户名', 1415473475, 1415473475, 1, '', 6),
(78, 'MAIL_FROMNAME', 1, '发件人姓名', 6, '', ' 商城网站名称，如ewshop商城', 1415473475, 1452498311, 1, '', 6),
(79, 'MAIL_PASSWORD', 1, '邮箱密码', 6, '', ' 配置的邮箱密码', 1415473475, 1415473475, 1, '', 6),
(80, 'SMSACCOUNT', 1, '短息账号', 7, '', '注册序列号', 1426339726, 1440143369, 1, 'DXX-WSS-010-08642', 15),
(81, 'SMSPASSWORD', 1, '短信密码', 7, '', '序列号密码', 1426339942, 1440143359, 1, '868686', 16),
(82, 'COMPANG_NAME', 1, '公司名称', 1, '', '公司名称', 1439466522, 1439466553, 1, '北京一网天行科技有限公司', 8),
(83, 'COMPANG_EMAIL', 1, '公司邮箱', 1, '', '邮箱', 1439466617, 1439466617, 1, 'www.@ewangtx.com', 9),
(84, 'HOTLINE', 1, '全国统一热线', 1, '', '全国统一热线', 1439468099, 1439468099, 1, '400-963-0118', 10),
(85, 'TEL_FAX', 1, '电话/传真', 1, '', '电话/传真', 1439468143, 1439468143, 1, '010-64127534', 11),
(86, 'ADRESS', 1, '公司地址', 1, '', '公司详细地址', 1439468185, 1459144618, 1, '北京市昌平区珠江摩尔6号楼2单元1501室', 12),
(87, 'WEB_SITE_COPYRIGHT', 1, '版权所有', 1, '', '网站底部版权信息', 1449545452, 1459144491, 1, 'Copyright © 2013-2016 Fenqile All Rights Reserved 北京一网天行科技有限公司 版权所有', 7),
(88, 'SMSTAG', 1, '短信签名', 7, '', '短信通知信息后面的签名', 1460632203, 1460632314, 1, '一网天行', 17);

-- --------------------------------------------------------

--
-- 表的结构 `ewshop_disbut`
--

CREATE TABLE IF NOT EXISTS `ewshop_disbut` (
  `id` int(11) NOT NULL AUTO_INCREMENT,
  `orderid` varchar(32) NOT NULL COMMENT '订单号码',
  `uid` int(11) NOT NULL COMMENT '支付会员',
  `pid` int(11) NOT NULL COMMENT '上级会员',
  `ppid` int(11) NOT NULL COMMENT '上上级会员',
  `disbutmoney` decimal(50,2) NOT NULL DEFAULT '0.00' COMMENT '分销金额',
  `pdisbutmoney` decimal(50,2) NOT NULL DEFAULT '0.00' COMMENT '上上级分销金额',
  `total` decimal(50,2) NOT NULL DEFAULT '0.00' COMMENT '支付总价',
  `createtime` varchar(10) NOT NULL COMMENT '创建时间',
  `goodsnum` int(11) NOT NULL COMMENT '产品数量',
  PRIMARY KEY (`id`)
) ENGINE=MyISAM DEFAULT CHARSET=utf8 COMMENT='分销记录表' AUTO_INCREMENT=1 ;

--
-- 转存表中的数据 `ewshop_disbut`
--


-- --------------------------------------------------------

--
-- 表的结构 `ewshop_dislevel`
--

CREATE TABLE IF NOT EXISTS `ewshop_dislevel` (
  `id` int(11) NOT NULL AUTO_INCREMENT,
  `num` int(11) NOT NULL COMMENT '数量',
  `disnum` decimal(50,2) NOT NULL COMMENT '分销百分比',
  PRIMARY KEY (`id`)
) ENGINE=MyISAM  DEFAULT CHARSET=utf8 AUTO_INCREMENT=7 ;

--
-- 转存表中的数据 `ewshop_dislevel`
--

INSERT INTO `ewshop_dislevel` (`id`, `num`, `disnum`) VALUES
(1, 0, '10.00'),
(2, 1000, '15.00'),
(6, 5000, '25.00');

-- --------------------------------------------------------

--
-- 表的结构 `ewshop_document`
--

CREATE TABLE IF NOT EXISTS `ewshop_document` (
  `id` int(10) unsigned NOT NULL AUTO_INCREMENT COMMENT '文档ID',
  `uid` int(10) unsigned NOT NULL DEFAULT '0' COMMENT '用户ID',
  `name` char(40) NOT NULL COMMENT '编号',
  `title` char(80) NOT NULL COMMENT '产品名称',
  `category_id` int(10) unsigned NOT NULL COMMENT '所属分类',
  `brand_id` int(11) NOT NULL COMMENT '品牌id',
  `description` char(140) NOT NULL DEFAULT '' COMMENT '描述',
  `root` int(10) unsigned NOT NULL DEFAULT '0' COMMENT '根节点',
  `pid` int(10) unsigned NOT NULL DEFAULT '0' COMMENT '所属ID',
  `model_id` tinyint(3) unsigned NOT NULL DEFAULT '0' COMMENT '内容模型ID',
  `position` smallint(5) unsigned NOT NULL DEFAULT '0' COMMENT '推荐位',
  `link_id` int(10) unsigned NOT NULL DEFAULT '0' COMMENT '外链',
  `cover_id` int(10) unsigned NOT NULL DEFAULT '0' COMMENT '封面',
  `display` tinyint(3) unsigned NOT NULL DEFAULT '1' COMMENT '可见性',
  `attach` tinyint(3) unsigned NOT NULL DEFAULT '0' COMMENT '附件数量',
  `view` int(10) unsigned NOT NULL DEFAULT '0' COMMENT '浏览量',
  `comment` int(10) unsigned NOT NULL DEFAULT '0' COMMENT '评论数',
  `extend` int(10) unsigned NOT NULL DEFAULT '0' COMMENT '扩展统计字段',
  `level` int(10) NOT NULL DEFAULT '0' COMMENT '优先级',
  `create_time` int(10) unsigned NOT NULL DEFAULT '0' COMMENT '创建时间',
  `update_time` int(10) unsigned NOT NULL DEFAULT '0' COMMENT '更新时间',
  `status` tinyint(4) NOT NULL DEFAULT '0' COMMENT '数据状态',
  `price` decimal(50,2) NOT NULL DEFAULT '0.00',
  `sale` int(10) unsigned NOT NULL DEFAULT '0' COMMENT '销量',
  `percent` varchar(100) NOT NULL DEFAULT '' COMMENT '购买率',
  `type_id` int(10) unsigned NOT NULL COMMENT '商品类型',
  `unionid` varchar(256) NOT NULL COMMENT '关联产品',
  PRIMARY KEY (`id`),
  KEY `idx_category_status` (`category_id`,`status`) USING BTREE,
  KEY `idx_status_type_pid` (`status`,`uid`,`pid`) USING BTREE
) ENGINE=MyISAM  DEFAULT CHARSET=utf8 COMMENT='文档模型基础表' AUTO_INCREMENT=53 ;

--
-- 转存表中的数据 `ewshop_document`
--

INSERT INTO `ewshop_document` (`id`, `uid`, `name`, `title`, `category_id`, `brand_id`, `description`, `root`, `pid`, `model_id`, `position`, `link_id`, `cover_id`, `display`, `attach`, `view`, `comment`, `extend`, `level`, `create_time`, `update_time`, `status`, `price`, `sale`, `percent`, `type_id`, `unionid`) VALUES
(1, 1, 'de4321321888', '产品名称测试一', 204, 0, '产品描述测试信息，2导入测试信息产品描述测试信息，导入测试信息1', 0, 0, 5, 0, 0, 0, 1, 0, 10, 0, 0, 0, 1459187640, 1461487936, 1, '122.00', 0, '', 0, ''),
(2, 1, '1232133999', '产品名称测试二', 204, 0, '产品描述测试信息，导入测试信息产品描述测试信息，导入测试信息2', 0, 0, 5, 0, 0, 0, 1, 0, 5, 0, 0, 0, 1459187660, 1459187660, 1, '133.00', 0, '', 0, ''),
(3, 1, '1232133789', '产品名称测试三', 204, 0, '产品描述测试信息，导入测试信息产品描述测试信息，导入测试信息3', 0, 0, 5, 0, 0, 0, 1, 0, 11, 0, 0, 0, 1459187660, 1459187660, 1, '144.00', 0, '', 0, ''),
(4, 1, '1231233666', '产品名称测试四', 204, 0, '产品描述测试信息，导入测试信息产品描述测试信息，导入测试信息4', 0, 0, 5, 0, 0, 0, 1, 0, 4, 0, 0, 0, 1459187660, 1459187660, 1, '155.00', 0, '', 0, ''),
(5, 1, '4321321888', '产品名称测试一', 204, 0, '产品描述测试信息，2导入测试信息产品描述测试信息，导入测试信息1', 0, 0, 5, 0, 0, 0, 1, 0, 0, 0, 0, 0, 1459187675, 1459187675, -1, '122.00', 0, '', 0, ''),
(6, 1, '1232133999', '产品名称测试二', 204, 0, '产品描述测试信息，导入测试信息产品描述测试信息，导入测试信息2', 0, 0, 5, 0, 0, 0, 1, 0, 0, 0, 0, 0, 1459187675, 1459187675, -1, '133.00', 0, '', 0, ''),
(7, 1, '1232133789', '产品名称测试三', 204, 0, '产品描述测试信息，导入测试信息产品描述测试信息，导入测试信息3', 0, 0, 5, 0, 0, 0, 1, 0, 0, 0, 0, 0, 1459187675, 1459187675, -1, '144.00', 0, '', 0, ''),
(8, 1, 'wq1231233666', '产品名称测试四123', 204, 0, '产品描述测试信息，导入测试信息产品描述测试信息，导入测试信息4', 0, 0, 5, 0, 0, 0, 1, 0, 0, 0, 0, 0, 1459187640, 1459187709, -1, '155.00', 0, '', 0, ''),
(9, 1, 'we12321321', '练骨偶去', 222, 0, '', 0, 0, 5, 0, 0, 0, 1, 0, 3, 0, 0, 0, 1459257480, 1461487766, 1, '20.00', 0, '', 0, ''),
(10, 1, 'ed19831321', '测试产品', 204, 0, '', 0, 0, 5, 0, 0, 0, 1, 0, 3, 0, 0, 0, 1460373924, 1460373924, 1, '0.00', 0, '', 0, ''),
(11, 1, 'OS900193213', '欧式茶具', 222, 0, '', 0, 0, 5, 0, 0, 0, 1, 0, 28, 0, 0, 0, 1460692285, 1460692285, 1, '100.00', 0, '', 0, ''),
(12, 1, 'Sq31123213', '欧式茶具123', 222, 0, '', 0, 0, 5, 0, 0, 0, 1, 0, 3, 0, 0, 0, 1460692300, 1460692300, 1, '1.00', 0, '', 0, ''),
(13, 1, 'qw123123213', '欧式茶具3', 222, 0, '', 0, 0, 5, 0, 0, 0, 1, 0, 3, 0, 0, 0, 1460692317, 1460692317, 1, '3.00', 0, '', 0, ''),
(14, 1, 'QW123412312', '欧式茶具5', 229, 0, '', 0, 0, 5, 0, 0, 0, 1, 0, 3, 0, 0, 0, 1460692320, 1461487857, 1, '100.00', 0, '', 0, ''),
(15, 1, 'WE123123123', '欧式茶具6', 229, 0, '', 0, 0, 5, 0, 0, 3, 1, 0, 114, 0, 0, 0, 1460692320, 1461487842, 1, '122.00', 0, '', 11, ''),
(16, 1, 'ewqqqqqqqqqqqqqqqqqqq12', '123213213112313222222222222222222', 229, 1, '', 0, 0, 5, 0, 0, 0, 1, 0, 0, 0, 0, 0, 1461518700, 1461523820, 1, '0.00', 0, '', 0, '17,15,14'),
(17, 1, 'ew12321321', '测试产品信息', 222, 0, '', 0, 0, 5, 0, 0, 0, 1, 0, 0, 0, 0, 0, 1461519180, 1461529045, 1, '0.00', 0, '', 0, ''),
(18, 1, 'liangyou12321321321', '粮油产品测试信息', 229, 0, '', 0, 0, 5, 0, 0, 0, 1, 0, 0, 0, 0, 0, 1461523860, 1461523931, 1, '20.00', 0, '', 11, '11,10,9');

-- --------------------------------------------------------

--
-- 表的结构 `ewshop_document_product`
--

CREATE TABLE IF NOT EXISTS `ewshop_document_product` (
  `id` int(10) unsigned NOT NULL AUTO_INCREMENT COMMENT '主键',
  `marketprice` varchar(255) NOT NULL DEFAULT '1' COMMENT '市场价',
  `content` text NOT NULL COMMENT '详细描述',
  `area` varchar(255) NOT NULL DEFAULT '中国大陆' COMMENT '产地',
  `mark` varchar(255) NOT NULL COMMENT '附加标签',
  `stock` int(10) unsigned NOT NULL DEFAULT '9999' COMMENT '库存',
  `shorttitle` varchar(255) NOT NULL DEFAULT '' COMMENT '商品简称',
  `pics` varchar(255) NOT NULL DEFAULT '' COMMENT '图集',
  `spec` text NOT NULL COMMENT '商品规格',
  `wxcontent` text NOT NULL COMMENT '手机端详细描述',
  PRIMARY KEY (`id`)
) ENGINE=MyISAM  DEFAULT CHARSET=utf8 COMMENT='表' AUTO_INCREMENT=53 ;

--
-- 转存表中的数据 `ewshop_document_product`
--

INSERT INTO `ewshop_document_product` (`id`, `marketprice`, `content`, `area`, `mark`, `stock`, `shorttitle`, `pics`, `spec`, `wxcontent`) VALUES
(1, '222', '产品描述测试信息，导入测试信息产品描述测试信息，导入测试信息1', '中国大陆', '3', 9999, '', '', '', ''),
(2, '222', '产品描述测试信息，导入测试信息产品描述测试信息，导入测试信息2', '中国大陆', '', 9999, '', '', '', ''),
(3, '222', '产品描述测试信息，导入测试信息产品描述测试信息，导入测试信息3', '中国大陆', '', 9999, '', '', '', ''),
(4, '222', '产品描述测试信息，导入测试信息产品描述测试信息，导入测试信息4', '中国大陆', '', 9999, '', '', '', ''),
(5, '222', '产品描述测试信息，导入测试信息产品描述测试信息，导入测试信息1', '中国大陆', '', 9999, '', '', '', ''),
(6, '222', '产品描述测试信息，导入测试信息产品描述测试信息，导入测试信息2', '中国大陆', '', 9999, '', '', '', ''),
(7, '222', '产品描述测试信息，导入测试信息产品描述测试信息，导入测试信息3', '中国大陆', '', 9999, '', '', '', ''),
(8, '222', '产品描述测试信息，导入测试信息产品描述测试信息，导入测试信息4', '中国大陆', '', 9999, '', '', '', ''),
(9, '1.00', '', '中国大陆', '2', 10, '', '', '', ''),
(10, '1.00', '', '中国大陆', '', 10, '', '', '', ''),
(11, '120', '', '中国大陆', '', 10, '', '', '', ''),
(12, '2', '', '中国大陆', '', 10, '', '', '', ''),
(13, '5', '', '中国大陆', '', 10, '', '', '', ''),
(14, '200', '', '中国大陆', '3', 10, '', '', '', ''),
(15, '144', '<p>\r\n	<span><span style="line-height:normal;"><img src="/Uploads/Editor/2016-04-15/57108ddad35b9.jpg" alt="" /><br />\r\n</span></span> \r\n</p>', '中国大陆', '3', 10, '', '4,5,6,7,8', '<table>\r\n	<tbody>\r\n		<tr>\r\n			<td>\r\n				类别：酒店陶瓷\r\n			</td>\r\n			<td>\r\n				使用场合：酒店、高端场所\r\n			</td>\r\n			<td>\r\n				风格：中式\r\n			</td>\r\n			<td>\r\n				产地：中国\r\n			</td>\r\n		</tr>\r\n		<tr>\r\n			<td>\r\n				材质：骨质瓷\r\n			</td>\r\n			<td>\r\n				品牌：金强艺\r\n			</td>\r\n			<td>\r\n				包装：精装\r\n			</td>\r\n			<td>\r\n				公司：北京佰佳瑞斯酒店用品有限公司\r\n			</td>\r\n		</tr>\r\n	</tbody>\r\n</table>', ''),
(16, '1.00', '', '中国大陆', '', 10, '', '', '', ''),
(17, '1.00', '', '中国大陆', '', 10, '', '', '', ''),
(18, '100.00', '', '中国大陆', '', 10, '', '', '', ''),
(19, '222', '产品描述测试信息，导入测试信息产品描述测试信息，导入测试信息2', '中国大陆', '', 9999, '', '', '', ''),
(20, '222', '产品描述测试信息，导入测试信息产品描述测试信息，导入测试信息2', '中国大陆', '', 9999, '', '', '', ''),
(21, '222', '产品描述测试信息，导入测试信息产品描述测试信息，导入测试信息2', '中国大陆', '', 9999, '', '', '', '');

-- --------------------------------------------------------

--
-- 表的结构 `ewshop_email`
--

CREATE TABLE IF NOT EXISTS `ewshop_email` (
  `id` int(10) unsigned NOT NULL AUTO_INCREMENT COMMENT '主键',
  `title` varchar(225) NOT NULL DEFAULT '' COMMENT '标题',
  `domain` varchar(225) NOT NULL DEFAULT '' COMMENT '链接',
  `account` varchar(225) NOT NULL DEFAULT '' COMMENT '邮箱',
  `username` varchar(225) NOT NULL DEFAULT '' COMMENT '用户名',
  `sendname` varchar(225) NOT NULL DEFAULT '' COMMENT '发件人',
  `content` varchar(225) NOT NULL DEFAULT '' COMMENT '回复内容',
  `msg` varchar(225) NOT NULL DEFAULT '' COMMENT '备注',
  `uid` int(10) unsigned NOT NULL DEFAULT '0' COMMENT '用户id',
  `status` tinyint(2) NOT NULL DEFAULT '0' COMMENT '1已发送 -1禁用',
  `create_time` int(10) unsigned NOT NULL DEFAULT '0',
  `update_time` int(10) unsigned NOT NULL DEFAULT '0',
  `group` varchar(225) NOT NULL DEFAULT '' COMMENT '分组',
  PRIMARY KEY (`id`)
) ENGINE=MyISAM DEFAULT CHARSET=utf8 COMMENT='发送邮件记录表' AUTO_INCREMENT=1 ;

--
-- 转存表中的数据 `ewshop_email`
--


-- --------------------------------------------------------

--
-- 表的结构 `ewshop_envelope`
--

CREATE TABLE IF NOT EXISTS `ewshop_envelope` (
  `id` int(10) NOT NULL AUTO_INCREMENT,
  `username` varchar(225) NOT NULL DEFAULT '' COMMENT '用户名',
  `uid` int(10) unsigned NOT NULL DEFAULT '0' COMMENT '用户id',
  `sendname` varchar(225) NOT NULL DEFAULT '' COMMENT '发件人',
  `title` varchar(225) NOT NULL DEFAULT '' COMMENT '标题',
  `content` text NOT NULL COMMENT '发送内容',
  `status` tinyint(2) NOT NULL DEFAULT '0' COMMENT '1-未读2-已读',
  `view` int(10) unsigned NOT NULL DEFAULT '0' COMMENT '阅读数量',
  `create_time` int(10) unsigned NOT NULL DEFAULT '0',
  `update_time` int(10) unsigned NOT NULL DEFAULT '0',
  `group` varchar(225) NOT NULL DEFAULT '' COMMENT '分组',
  PRIMARY KEY (`id`)
) ENGINE=MyISAM  DEFAULT CHARSET=utf8 COMMENT='站内信表' AUTO_INCREMENT=2 ;

--
-- 转存表中的数据 `ewshop_envelope`
--

INSERT INTO `ewshop_envelope` (`id`, `username`, `uid`, `sendname`, `title`, `content`, `status`, `view`, `create_time`, `update_time`, `group`) VALUES
(1, '', 0, '', '欢迎来到找好课平台！', '<p>\r\n	拥有过人的智慧是孩子在今后生活中有好的发展的关键，很多家长苦于没有方法对孩子进行引导，其实只要做到以下这些方面，就会给孩子的智力加\r\n</p>', 1, 0, 1451527317, 1451527683, '2');

-- --------------------------------------------------------

--
-- 表的结构 `ewshop_favortable`
--

CREATE TABLE IF NOT EXISTS `ewshop_favortable` (
  `id` int(10) NOT NULL AUTO_INCREMENT,
  `uid` int(10) unsigned NOT NULL DEFAULT '0',
  `goodid` int(10) unsigned NOT NULL DEFAULT '0',
  `create_time` int(10) unsigned NOT NULL DEFAULT '0',
  `num` int(10) unsigned NOT NULL DEFAULT '0',
  PRIMARY KEY (`id`)
) ENGINE=MyISAM  DEFAULT CHARSET=utf8 COMMENT='收藏表' AUTO_INCREMENT=4 ;

--
-- 转存表中的数据 `ewshop_favortable`
--


-- --------------------------------------------------------

--
-- 表的结构 `ewshop_file`
--

CREATE TABLE IF NOT EXISTS `ewshop_file` (
  `id` int(10) unsigned NOT NULL AUTO_INCREMENT COMMENT '文件ID',
  `name` char(30) NOT NULL DEFAULT '' COMMENT '原始文件名',
  `savename` char(20) NOT NULL DEFAULT '' COMMENT '保存名称',
  `savepath` char(30) NOT NULL DEFAULT '' COMMENT '文件保存路径',
  `ext` char(5) NOT NULL DEFAULT '' COMMENT '文件后缀',
  `mime` char(40) NOT NULL DEFAULT '' COMMENT '文件mime类型',
  `size` int(10) unsigned NOT NULL DEFAULT '0' COMMENT '文件大小',
  `md5` char(32) NOT NULL DEFAULT '' COMMENT '文件md5',
  `sha1` char(40) NOT NULL DEFAULT '' COMMENT '文件 sha1编码',
  `location` tinyint(3) unsigned NOT NULL DEFAULT '0' COMMENT '文件保存位置',
  `url` varchar(255) NOT NULL DEFAULT '' COMMENT '远程地址',
  `create_time` int(10) unsigned NOT NULL DEFAULT '0' COMMENT '上传时间',
  PRIMARY KEY (`id`),
  UNIQUE KEY `uk_md5` (`md5`)
) ENGINE=MyISAM DEFAULT CHARSET=utf8 COMMENT='文件表' AUTO_INCREMENT=1 ;

--
-- 转存表中的数据 `ewshop_file`
--


-- --------------------------------------------------------

--
-- 表的结构 `ewshop_goods_data`
--

CREATE TABLE IF NOT EXISTS `ewshop_goods_data` (
  `id` mediumint(10) unsigned NOT NULL AUTO_INCREMENT COMMENT '商品扩展属性值ID',
  `good_id` mediumint(8) unsigned NOT NULL COMMENT '商品ID',
  `extend_id` mediumint(8) unsigned NOT NULL COMMENT '扩展字段ID',
  `extend_name` char(100) NOT NULL COMMENT '扩展字段名称',
  `property` varchar(100) NOT NULL COMMENT '属性值',
  `url` varchar(256) NOT NULL COMMENT '属性链接',
  PRIMARY KEY (`id`)
) ENGINE=MyISAM  DEFAULT CHARSET=utf8 COMMENT='商品扩展属性值表' AUTO_INCREMENT=316 ;

--
-- 转存表中的数据 `ewshop_goods_data`
--

INSERT INTO `ewshop_goods_data` (`id`, `good_id`, `extend_id`, `extend_name`, `property`, `url`) VALUES
(244, 126, 16, '金色', '', ''),
(139, 91, 10, '德国汉森面板', '2', ''),
(138, 91, 10, '黑色微晶面板', '4', ''),
(137, 91, 11, '红色', '1', ''),
(133, 120, 5, '德国汉森面板', '2', ''),
(132, 120, 12, '100*300', '12321', ''),
(146, 115, 5, '德国汉森面板', '30', ''),
(141, 116, 5, '德国汉森面板', '123213', ''),
(140, 116, 12, '100*300', '123', ''),
(145, 115, 5, '黑色微晶面板', '20', ''),
(144, 115, 5, '白色陶瓷面板', '1', ''),
(143, 115, 12, '100*300', '10', ''),
(142, 115, 12, '100*200', '1', ''),
(265, 96, 16, '瓷白', '0', '/Article/detail/id/96.html'),
(266, 96, 16, '银色', '0', ''),
(267, 96, 16, '深灰', '0', ''),
(268, 96, 16, '金色', '0', ''),
(283, 134, 18, '蓝色', '300', ''),
(282, 134, 18, '白色', '222', ''),
(281, 134, 18, '红色', '200', ''),
(280, 134, 19, '200*200', '350', ''),
(279, 134, 19, '100*100', '300', ''),
(314, 18, 19, '300*300', '10', ''),
(313, 15, 18, '黄色', '400', ''),
(312, 15, 18, '红色', '300', ''),
(311, 15, 18, '蓝色', '200', ''),
(310, 15, 18, '白色', '100', ''),
(309, 15, 19, '200*200', '110', ''),
(308, 15, 19, '100*100', '120', ''),
(307, 15, 19, '300*300', '100', ''),
(315, 18, 18, '白色', '10', '');

-- --------------------------------------------------------

--
-- 表的结构 `ewshop_goods_extend`
--

CREATE TABLE IF NOT EXISTS `ewshop_goods_extend` (
  `extend_id` smallint(5) unsigned NOT NULL AUTO_INCREMENT COMMENT '扩展字段id',
  `type_id` smallint(5) unsigned NOT NULL COMMENT '类别id',
  `extend_name` varchar(60) NOT NULL COMMENT '扩展字段(属性)名称',
  `extend_value` varchar(100) NOT NULL COMMENT '扩展字段(属性)值',
  `create_time` int(10) NOT NULL COMMENT '生成时间',
  PRIMARY KEY (`extend_id`)
) ENGINE=MyISAM  DEFAULT CHARSET=utf8 AUTO_INCREMENT=20 ;

--
-- 转存表中的数据 `ewshop_goods_extend`
--

INSERT INTO `ewshop_goods_extend` (`extend_id`, `type_id`, `extend_name`, `extend_value`, `create_time`) VALUES
(18, 11, '颜色', '红色,蓝色,黄色,白色', 1448894669),
(19, 11, '尺寸', '200*200,100*100,300*300', 1448894704);

-- --------------------------------------------------------

--
-- 表的结构 `ewshop_goods_type`
--

CREATE TABLE IF NOT EXISTS `ewshop_goods_type` (
  `type_id` smallint(5) unsigned NOT NULL AUTO_INCREMENT COMMENT '类别id',
  `type_name` varchar(60) NOT NULL DEFAULT '' COMMENT '类别名称',
  `description` char(100) NOT NULL COMMENT '描述',
  `create_time` int(10) NOT NULL COMMENT '创建时间',
  PRIMARY KEY (`type_id`)
) ENGINE=MyISAM  DEFAULT CHARSET=utf8 AUTO_INCREMENT=12 ;

--
-- 转存表中的数据 `ewshop_goods_type`
--

INSERT INTO `ewshop_goods_type` (`type_id`, `type_name`, `description`, `create_time`) VALUES
(11, '光盘', '光盘', 1448894577);

-- --------------------------------------------------------

--
-- 表的结构 `ewshop_history`
--

CREATE TABLE IF NOT EXISTS `ewshop_history` (
  `id` int(10) unsigned NOT NULL AUTO_INCREMENT COMMENT 'ID',
  `uid` int(10) unsigned NOT NULL DEFAULT '0' COMMENT '用户ID',
  `login_ip` varchar(225) DEFAULT '0' COMMENT '注册IP',
  `login_time` int(10) unsigned NOT NULL DEFAULT '0' COMMENT '注册时间',
  `login_country` varchar(225) DEFAULT '0' COMMENT '登录国家',
  `login_province` varchar(225) DEFAULT '0' COMMENT '登陆省份',
  `login_city` varchar(225) DEFAULT '0' COMMENT '登录城市',
  `login_isp` varchar(225) DEFAULT '0' COMMENT '运营商',
  `login_way` varchar(225) DEFAULT '0' COMMENT '登录方式',
  `status` tinyint(4) NOT NULL DEFAULT '0' COMMENT '状态',
  PRIMARY KEY (`id`),
  KEY `status` (`status`)
) ENGINE=MyISAM  DEFAULT CHARSET=utf8 COMMENT='登录历史表' AUTO_INCREMENT=9 ;

--
-- 转存表中的数据 `ewshop_history`
--

INSERT INTO `ewshop_history` (`id`, `uid`, `login_ip`, `login_time`, `login_country`, `login_province`, `login_city`, `login_isp`, `login_way`, `status`) VALUES
(1, 3, '127.0.0.1', 1460635003, '未分配或者内网IP', '', '', '', '电脑登录', 0),
(2, 3, '127.0.0.1', 1460640636, '未分配或者内网IP', '', '', '', '电脑登录', 0),
(3, 3, '127.0.0.1', 1460705354, '未分配或者内网IP', '', '', '', '电脑登录', 0),
(4, 3, '127.0.0.1', 1460894021, '未分配或者内网IP', '', '', '', '电脑登录', 0),
(5, 3, '127.0.0.1', 1461429094, '未分配或者内网IP', '', '', '', '电脑登录', 0),
(6, 3, '127.0.0.1', 1461438531, '未分配或者内网IP', '', '', '', '电脑登录', 0),
(7, 3, '127.0.0.1', 1461485210, '未分配或者内网IP', '', '', '', '电脑登录', 0),
(8, 3, '127.0.0.1', 1461489953, '未分配或者内网IP', '', '', '', '电脑登录', 0);

-- --------------------------------------------------------

--
-- 表的结构 `ewshop_hooks`
--

CREATE TABLE IF NOT EXISTS `ewshop_hooks` (
  `id` int(10) unsigned NOT NULL AUTO_INCREMENT COMMENT '主键',
  `name` varchar(40) NOT NULL DEFAULT '' COMMENT '钩子名称',
  `description` text COMMENT '描述',
  `type` tinyint(1) unsigned NOT NULL DEFAULT '1' COMMENT '类型',
  `update_time` int(10) unsigned NOT NULL DEFAULT '0' COMMENT '更新时间',
  `addons` varchar(255) NOT NULL DEFAULT '' COMMENT '钩子挂载的插件 ''，''分割',
  `status` tinyint(1) unsigned NOT NULL DEFAULT '1',
  PRIMARY KEY (`id`),
  UNIQUE KEY `name` (`name`)
) ENGINE=MyISAM  DEFAULT CHARSET=utf8 AUTO_INCREMENT=29 ;

--
-- 转存表中的数据 `ewshop_hooks`
--

INSERT INTO `ewshop_hooks` (`id`, `name`, `description`, `type`, `update_time`, `addons`, `status`) VALUES
(1, 'pageHeader', '页面header钩子，一般用于加载插件CSS文件和代码', 1, 0, '', 1),
(2, 'pageFooter', '页面footer钩子，一般用于加载插件JS文件和JS代码', 1, 0, 'ReturnTop', 1),
(3, 'documentEditForm', '添加编辑表单的 扩展内容钩子', 1, 0, 'Attachment', 1),
(4, 'documentDetailAfter', '文档末尾显示', 1, 0, 'Attachment,SocialComment', 1),
(5, 'documentDetailBefore', '页面内容前显示用钩子', 1, 0, '', 1),
(6, 'documentSaveComplete', '保存文档数据后的扩展钩子', 2, 0, 'Attachment', 1),
(7, 'documentEditFormContent', '添加编辑表单的内容显示钩子', 1, 0, 'Editor', 1),
(8, 'adminArticleEdit', '后台内容编辑页编辑器', 1, 1378982734, 'EditorForAdmin', 1),
(13, 'AdminIndex', '首页小格子个性化显示', 1, 1382596073, 'SiteStat,SystemInfo,DevTeam', 1),
(14, 'topicComment', '评论提交方式扩展钩子。', 1, 1380163518, 'Editor', 1),
(16, 'app_begin', '应用开始', 2, 1384481614, '', 1),
(28, 'Template', '模版管理插件钩子', 1, 1420796865, 'Template', 1),
(23, 'SyncLogin', '第三方账号同步登陆', 1, 1412762818, 'SyncLogin', 1);

-- --------------------------------------------------------

--
-- 表的结构 `ewshop_member`
--

CREATE TABLE IF NOT EXISTS `ewshop_member` (
  `uid` int(10) unsigned NOT NULL AUTO_INCREMENT COMMENT '用户ID',
  `nickname` char(16) NOT NULL DEFAULT '' COMMENT '昵称',
  `account` decimal(50,2) NOT NULL DEFAULT '0.00' COMMENT '账号余额',
  `paykey` varchar(225) NOT NULL DEFAULT '' COMMENT '支付密码',
  `sex` tinyint(3) unsigned NOT NULL DEFAULT '0' COMMENT '性别',
  `birthday` varchar(16) NOT NULL DEFAULT '' COMMENT '生日',
  `qq` char(10) NOT NULL DEFAULT '' COMMENT 'qq号',
  `score` mediumint(8) NOT NULL DEFAULT '0' COMMENT '用户积分',
  `login` int(10) unsigned NOT NULL DEFAULT '0' COMMENT '登录次数',
  `reg_ip` bigint(20) NOT NULL DEFAULT '0' COMMENT '注册IP',
  `reg_time` int(10) unsigned NOT NULL DEFAULT '0' COMMENT '注册时间',
  `last_login_ip` bigint(20) NOT NULL DEFAULT '0' COMMENT '最后登录IP',
  `last_login_time` int(10) unsigned NOT NULL DEFAULT '0' COMMENT '最后登录时间',
  `status` tinyint(4) NOT NULL DEFAULT '0' COMMENT '会员状态(0:禁用,1:启用,2:审核)',
  `openid` varchar(64) NOT NULL COMMENT '微信openid 微信会员唯一标示',
  `puid` int(10) NOT NULL COMMENT '上级分销会员id',
  `isdis` tinyint(4) NOT NULL DEFAULT '0' COMMENT '是否是分销商',
  `disnum` decimal(50,2) NOT NULL DEFAULT '0.00' COMMENT '分销百分比',
  `num` int(11) NOT NULL COMMENT '分销商品数',
  `bankcard` varchar(20) NOT NULL COMMENT '银行卡号',
  `bankname` varchar(64) NOT NULL COMMENT '开户行',
  `bankpeople` varchar(32) NOT NULL COMMENT '户主',
  `credits` mediumint(8) unsigned NOT NULL COMMENT '兑换积分',
  `type` int(4) unsigned NOT NULL DEFAULT '1' COMMENT '会员类型(1:普通,2:机构,3:销售)',
  `institution_name` varchar(100) NOT NULL COMMENT '机构名称',
  `pid` int(10) unsigned NOT NULL COMMENT '父级id(所属机构)',
  `realname` varchar(50) NOT NULL COMMENT '真实姓名',
  `address` varchar(20) NOT NULL COMMENT '地址',
  `gread` varchar(10) NOT NULL,
  PRIMARY KEY (`uid`),
  KEY `status` (`status`)
) ENGINE=MyISAM  DEFAULT CHARSET=utf8 COMMENT='会员表' AUTO_INCREMENT=5 ;

--
-- 转存表中的数据 `ewshop_member`
--

INSERT INTO `ewshop_member` (`uid`, `nickname`, `account`, `paykey`, `sex`, `birthday`, `qq`, `score`, `login`, `reg_ip`, `reg_time`, `last_login_ip`, `last_login_time`, `status`, `openid`, `puid`, `isdis`, `disnum`, `num`, `bankcard`, `bankname`, `bankpeople`, `credits`, `type`, `institution_name`, `pid`, `realname`, `address`, `gread`) VALUES
(1, 'xiaoxiao', '0.00', '', 0, '', '', 40, 0, 2130706433, 1452616073, 0, 0, 1, '', 0, 0, '0.00', 0, '', '', '', 0, 1, '', 0, '', '', ''),
(2, 'xiaokang123', '780.00', '', 0, '', '', 10, 0, 0, 0, 0, 0, 1, '', 0, 0, '0.00', 0, '', '', '', 0, 1, '', 0, '', '', ''),
(3, 'kangjia', '9000.00', '', 0, '', '', 30, 8, 2130706433, 1460632525, 2130706433, 1461489953, 1, '', 0, 0, '0.00', 0, '991283921392183921', '北京建设银行北京分行', '小小', 0, 1, '', 0, '', '', ''),
(4, 'xiaoxiao123', '0.00', '', 0, '', '', 0, 0, 2130706433, 1460632713, 0, 0, 1, '', 0, 0, '0.00', 0, '', '', '', 0, 1, '', 0, '', '', '');

-- --------------------------------------------------------

--
-- 表的结构 `ewshop_menu`
--

CREATE TABLE IF NOT EXISTS `ewshop_menu` (
  `id` int(10) unsigned NOT NULL AUTO_INCREMENT COMMENT '文档ID',
  `title` varchar(50) NOT NULL DEFAULT '' COMMENT '标题',
  `pid` int(10) unsigned NOT NULL DEFAULT '0' COMMENT '上级分类ID',
  `sort` int(10) unsigned NOT NULL DEFAULT '0' COMMENT '排序（同级有效）',
  `url` char(255) NOT NULL DEFAULT '' COMMENT '链接地址',
  `hide` tinyint(1) unsigned NOT NULL DEFAULT '0' COMMENT '是否隐藏',
  `tip` varchar(255) NOT NULL DEFAULT '' COMMENT '提示',
  `group` varchar(50) DEFAULT '' COMMENT '分组',
  `is_dev` tinyint(1) unsigned NOT NULL DEFAULT '0' COMMENT '是否仅开发者模式可见',
  `status` tinyint(1) NOT NULL DEFAULT '0' COMMENT '状态',
  PRIMARY KEY (`id`),
  KEY `pid` (`pid`),
  KEY `status` (`status`)
) ENGINE=MyISAM  DEFAULT CHARSET=utf8 AUTO_INCREMENT=334 ;

--
-- 转存表中的数据 `ewshop_menu`
--

INSERT INTO `ewshop_menu` (`id`, `title`, `pid`, `sort`, `url`, `hide`, `tip`, `group`, `is_dev`, `status`) VALUES
(1, '首页', 68, 1, 'Index/index', 1, '', '默认', 0, 1),
(2, '文章', 0, 4, 'Article/index', 0, '', '', 0, 1),
(3, '文档列表', 2, 0, 'article/index', 0, '', '内容管理', 0, 1),
(4, '新增', 3, 0, 'article/add', 0, '', '', 0, 1),
(5, '编辑', 3, 0, 'article/edit', 0, '', '', 0, 1),
(6, '改变状态', 3, 0, 'article/setStatus', 0, '', '', 0, 1),
(7, '保存', 3, 0, 'article/update', 0, '', '', 0, 1),
(8, '保存草稿', 3, 0, 'article/autoSave', 0, '', '', 0, 1),
(9, '移动', 3, 0, 'article/move', 0, '', '', 0, 1),
(10, '复制', 3, 0, 'article/copy', 0, '', '', 0, 1),
(11, '粘贴', 3, 0, 'article/paste', 0, '', '', 0, 1),
(12, '导入', 3, 0, 'article/batchOperate', 0, '', '', 0, 1),
(13, '回收站', 2, 0, 'article/recycle', 0, '', '内容管理', 0, 1),
(14, '还原', 13, 0, 'article/permit', 0, '', '', 0, 1),
(15, '清空', 13, 0, 'article/clear', 0, '', '', 0, 1),
(16, '用户', 0, 6, 'User/index', 0, '', '', 0, 1),
(17, '用户信息', 16, 0, 'User/index', 0, '', '用户管理', 0, 1),
(18, '新增用户', 17, 1, 'User/add', 0, '添加新用户', '', 0, 1),
(19, '用户行为', 146, 0, 'User/action', 0, '', '行为管理', 0, 1),
(20, '新增', 19, 0, 'User/addaction', 0, '', '', 0, 1),
(21, '编辑', 19, 0, 'User/editaction', 0, '', '', 0, 1),
(22, '保存', 19, 0, 'User/saveaction', 0, '', '', 0, 1),
(23, '变更行为状态', 19, 0, 'User/setStatus', 0, '"用户->用户行为"中的启用,禁用和删除权限', '', 0, 1),
(289, '删除', 168, 0, 'Email/del', 1, '', '', 1, 1),
(290, '新增', 169, 0, 'Sms/add', 1, '', '', 1, 1),
(25, '启用', 17, 4, 'User/changeStatus/method/resumeUser', 1, '', '', 0, 1),
(287, '新增', 168, 0, 'Email/add', 1, '', '', 1, 1),
(288, '编辑', 168, 0, 'Email/edit', 1, '', '', 1, 1),
(27, '角色管理', 68, 2, 'AuthManager/index', 0, '', '管理员', 0, 1),
(28, '删除', 27, 0, 'AuthManager/changeStatus?method=deleteGroup', 0, '删除用户组', '', 0, 1),
(29, '禁用', 27, 0, 'AuthManager/changeStatus?method=forbidGroup', 0, '禁用用户组', '', 0, 1),
(30, '恢复', 27, 0, 'AuthManager/changeStatus?method=resumeGroup', 0, '恢复已禁用的用户组', '', 0, 1),
(31, '新增', 27, 0, 'AuthManager/createGroup', 0, '创建新的用户组', '', 0, 1),
(32, '编辑', 27, 0, 'AuthManager/editGroup', 0, '编辑用户组名称和描述', '', 0, 1),
(33, '保存用户组', 27, 0, 'AuthManager/writeGroup', 0, '新增和编辑用户组的"保存"按钮', '', 0, 1),
(34, '授权', 27, 0, 'AuthManager/group', 0, '"后台 \\ 用户 \\ 用户信息"列表页的"授权"操作按钮,用于设置用户所属用户组', '', 0, 1),
(35, '访问授权', 27, 0, 'AuthManager/access', 0, '"后台 \\ 用户 \\ 权限管理"列表页的"访问授权"操作按钮', '', 0, 1),
(36, '成员授权', 27, 0, 'AuthManager/user', 0, '"后台 \\ 用户 \\ 权限管理"列表页的"成员授权"操作按钮', '', 0, 1),
(37, '解除授权', 27, 0, 'AuthManager/removeFromGroup', 0, '"成员授权"列表页内的解除授权操作按钮', '', 0, 1),
(38, '保存成员授权', 27, 0, 'AuthManager/addToGroup', 0, '"用户信息"列表页"授权"时的"保存"按钮和"成员授权"里右上角的"添加"按钮)', '', 0, 1),
(39, '分类授权', 27, 0, 'AuthManager/categoryp', 0, '', '', 0, 1),
(40, '保存分类授权', 27, 0, 'AuthManager/addToCategory', 0, '"分类授权"页面的"保存"按钮', '', 0, 1),
(41, '模型授权', 27, 0, 'AuthManager/modelauth', 0, '"后台 \\ 用户 \\ 权限管理"列表页的"模型授权"操作按钮', '', 0, 1),
(42, '保存模型授权', 27, 0, 'AuthManager/addToModel', 0, '"分类授权"页面的"保存"按钮', '', 0, 1),
(44, '插件管理', 180, 3, 'Addons/index', 0, '', '扩展', 0, 1),
(45, '创建', 44, 0, 'Addons/create', 0, '服务器上创建插件结构向导', '', 0, 1),
(46, '检测创建', 44, 0, 'Addons/checkForm', 0, '检测插件是否可以创建', '', 0, 1),
(47, '预览', 44, 0, 'Addons/preview', 0, '预览插件定义类文件', '', 0, 1),
(48, '快速生成插件', 44, 0, 'Addons/build', 0, '开始生成插件结构', '', 0, 1),
(49, '设置', 44, 0, 'Addons/config', 0, '设置插件配置', '', 0, 1),
(50, '禁用', 44, 0, 'Addons/disable', 0, '禁用插件', '', 0, 1),
(51, '启用', 44, 0, 'Addons/enable', 0, '启用插件', '', 0, 1),
(52, '安装', 44, 0, 'Addons/install', 0, '安装插件', '', 0, 1),
(53, '卸载', 44, 0, 'Addons/uninstall', 0, '卸载插件', '', 0, 1),
(54, '更新配置', 44, 0, 'Addons/saveconfig', 0, '更新插件配置处理', '', 0, 1),
(55, '插件后台列表', 44, 0, 'Addons/adminList', 0, '', '', 0, 1),
(56, 'URL方式访问插件', 44, 0, 'Addons/execute', 0, '控制是否有权限通过url访问插件控制器方法', '', 0, 1),
(57, '钩子管理', 180, 3, 'Addons/hooks', 0, '', '扩展', 0, 1),
(58, '模型管理', 68, 5, 'Model/index', 0, '', '系统设置', 0, 1),
(59, '新增', 58, 1, 'model/add', 0, '', '', 0, 1),
(60, '编辑', 58, 2, 'model/edit', 0, '', '', 0, 1),
(61, '改变状态', 58, 3, 'model/setStatus', 0, '', '', 0, 1),
(62, '保存数据', 58, 9, 'model/update', 0, '', '', 0, 1),
(63, '属性管理', 68, 6, 'Attribute/index', 1, '网站模型属性配置。', '系统设置', 0, 1),
(64, '新增', 63, 0, 'Attribute/add', 0, '', '', 0, 1),
(65, '编辑', 63, 0, 'Attribute/edit', 0, '', '', 0, 1),
(66, '改变状态', 63, 0, 'Attribute/setStatus', 0, '', '', 0, 1),
(67, '保存数据', 63, 0, 'Attribute/update', 0, '', '', 0, 1),
(68, '系统', 0, 2, 'Config/group', 0, '', '', 0, 1),
(69, '网站设置', 68, 1, 'Config/group', 0, '', '系统设置', 0, 1),
(70, '配置管理', 68, 4, 'Config/index', 0, '', '系统设置', 0, 1),
(71, '编辑', 70, 2, 'Config/edit', 0, '新增编辑和保存配置', '', 0, 1),
(72, '删除', 70, 3, 'Config/del', 0, '删除配置', '', 0, 1),
(73, '新增', 70, 1, 'Config/add', 0, '新增配置', '', 0, 1),
(74, '保存', 70, 4, 'Config/save', 0, '保存配置', '', 0, 1),
(75, '菜单管理', 68, 3, 'Menu/index', 0, '', '系统设置', 0, 1),
(76, '导航管理', 68, 2, 'Channel/index', 0, '', '系统设置', 0, 1),
(77, '新增', 76, 0, 'Channel/add', 0, '', '', 0, 1),
(78, '编辑', 76, 0, 'Channel/edit', 0, '', '', 0, 1),
(79, '删除', 76, 0, 'Channel/del', 0, '', '', 0, 1),
(80, '商品分类', 68, 3, 'Category/index', 0, '', '内容管理', 0, 1),
(81, '编辑', 80, 2, 'Category/edit', 0, '编辑和保存栏目分类', '', 0, 1),
(82, '新增', 80, 1, 'Category/add', 0, '新增栏目分类', '', 0, 1),
(83, '删除', 80, 6, 'Category/remove', 0, '删除栏目分类', '', 0, 1),
(84, '移动', 80, 4, 'Category/operate/type/move', 0, '移动栏目分类', '', 0, 1),
(85, '合并', 80, 5, 'Category/operate/type/merge', 0, '合并栏目分类', '', 0, 1),
(86, '备份数据库', 68, 1, 'Database/index?type=export', 0, '', '数据备份', 0, 1),
(87, '备份', 86, 0, 'Database/export', 0, '备份数据库', '', 0, 1),
(88, '优化表', 86, 0, 'Database/optimize', 0, '优化数据表', '', 0, 1),
(89, '修复表', 86, 0, 'Database/repair', 0, '修复数据表', '', 0, 1),
(90, '还原数据库', 68, 2, 'Database/index?type=import', 0, '', '数据备份', 0, 1),
(91, '恢复', 90, 0, 'Database/import', 0, '数据库恢复', '', 0, 1),
(92, '删除', 90, 0, 'Database/del', 0, '删除备份文件', '', 0, 1),
(96, '新增', 75, 1, 'Menu/add', 0, '', '系统设置', 0, 1),
(98, '编辑', 75, 2, 'Menu/edit', 0, '', '', 0, 1),
(106, '行为日志', 146, 0, 'Action/actionlog', 0, '', '行为管理', 0, 1),
(108, '修改密码', 68, 4, 'Admin/updatePassword', 1, '', '管理员', 0, 1),
(109, '修改昵称', 68, 3, 'Admin/updateNickname', 1, '', '管理员', 0, 1),
(110, '详细', 106, 0, 'Action/edit', 1, '', '', 0, 1),
(112, '新增数据', 58, 7, 'think/add', 1, '', '', 0, 1),
(113, '编辑数据', 58, 8, 'think/edit', 1, '', '', 0, 1),
(114, '导入', 75, 4, 'Menu/import', 0, '', '', 0, 1),
(115, '生成', 58, 5, 'Model/generate', 0, '', '', 0, 1),
(116, '新增钩子', 57, 0, 'Addons/addHook', 0, '', '', 0, 1),
(117, '编辑钩子', 57, 0, 'Addons/edithook', 0, '', '', 0, 1),
(118, '文档排序', 3, 0, 'Article/sort', 1, '', '', 0, 1),
(119, '排序', 70, 5, 'Config/sort', 1, '', '', 0, 1),
(120, '排序', 75, 3, 'Menu/sort', 1, '', '', 0, 1),
(121, '排序', 76, 0, 'Channel/sort', 1, '', '', 0, 1),
(122, '数据列表', 58, 6, 'think/lists', 1, '', '', 0, 1),
(123, '审核列表', 3, 0, 'Article/examine', 1, '', '', 0, 1),
(135, '待收货订单', 131, 4, 'Order/dsh', 0, '', '订单管理', 0, 1),
(311, '地区设置', 68, 6, 'Area/area', 0, '', '系统设置', 0, 1),
(131, '订单', 0, 8, 'Order/index', 0, '', '', 0, 1),
(132, '待发货的订单', 131, 3, 'Order/dfh', 0, '', '订单管理', 0, 1),
(133, '已完成订单', 131, 5, 'Order/ywc', 0, '', '订单管理', 0, 1),
(137, '正退货订单', 131, 4, 'Back/index', 1, '', '退货管理', 0, 1),
(141, '同意换货商品', 131, 10, 'Change/aindex?status=2', 0, '', '换货管理', 0, 1),
(138, '同意退货订单', 131, 7, 'Back/aindex?status=2', 0, '', '退货管理', 0, 1),
(139, '已退货订单', 131, 8, 'Back/index?status=5', 0, '', '退货管理', 0, 1),
(140, '申请换货商品', 131, 9, 'Change/index?status=0', 0, '', '换货管理', 0, 1),
(142, '已换货商品', 131, 12, 'Change/index?status=5', 0, '', '换货管理', 0, 1),
(143, '今日销量统计', 146, 13, 'Statistics/index', 0, '', '数据统计', 0, 1),
(144, '本周销量统计', 146, 14, 'Statistics/week', 0, '', '数据统计', 0, 1),
(145, '本月销量统计', 146, 15, 'Statistics/month', 0, '', '数据统计', 0, 1),
(146, '数据', 0, 9, 'Statistics/index', 0, '', '', 0, 1),
(147, '每日数据', 146, 16, 'Report/index', 0, '', '报表统计', 0, 1),
(148, '每周数据', 146, 17, 'Report/week', 0, '', '报表统计', 0, 1),
(149, '每月统计', 146, 18, 'Report/month', 0, '', '报表统计', 0, 1),
(150, '首页统计', 146, 20, 'Lookup/index', 0, '', '访问统计', 0, 1),
(151, '栏目页统计', 146, 23, 'Lookup/category', 0, '', '访问统计', 0, 1),
(152, '内容页统计', 146, 24, 'Lookup/article', 0, '', '访问统计', 0, 1),
(313, '删除', 311, 0, 'Area/areadel', 1, '', '', 1, 1),
(312, '新增', 311, 0, 'Area/areaedit', 1, '', '', 1, 1),
(156, '财务管理', 16, 4, 'Pay/index', 0, '', '支付管理', 0, 1),
(157, '品牌管理', 68, 6, 'Brand/index', 0, '', '内容管理', 0, 1),
(158, '促销', 0, 5, 'Ad/index', 0, '', '', 0, 1),
(159, '广告', 158, 0, 'Ad/index', 0, '', '广告管理', 0, 1),
(246, '删除', 17, 5, 'User/changeStatus/method/deleteUser', 1, '', '', 1, 1),
(162, '拒绝退货订单', 131, 5, 'Back/index?status=3', 0, '', '退货管理', 0, 1),
(163, '退货中订单', 131, 6, 'Backon/index', 1, '', '退货管理', 0, 1),
(164, '拒绝换货订单', 131, 11, 'Change/index?status=3', 0, '', '换货管理', 0, 1),
(165, '换货中订单', 131, 11, 'Changeon/index', 1, '', '换货管理', 0, 1),
(166, '商品', 0, 3, 'Goods/index', 0, '', '', 0, 1),
(168, '邮件管理', 16, 1, 'Email/index', 0, '', '信息管理', 0, 1),
(169, '短信管理', 16, 2, 'Sms/index', 0, '', '信息管理', 0, 1),
(170, '站内信管理', 16, 3, 'Envelope/index', 0, '', '信息管理', 0, 1),
(171, '留言管理', 16, 5, 'Message/index', 0, '', '信息管理', 0, 1),
(244, '编辑', 17, 2, 'User/edit', 1, '', '', 1, 1),
(174, '文章分类', 68, 2, 'Catearticle/index', 0, '', '内容管理', 0, 1),
(175, '微信', 0, 10, 'Weixin/index', 0, '微信平台', '', 0, 1),
(176, '微信配置', 175, 0, 'Control/Weixin/index', 0, '', '基础配置', 0, 0),
(177, '自定义菜单', 175, 0, 'Control/Weixin/menu', 0, '', '基础配置', 0, 0),
(178, '关注回复', 175, 0, 'Control/Weixin/guanzhu', 0, '', '基础配置', 0, 0),
(179, '自定义回复', 175, 0, 'Control/Weixin/keywords', 0, '', '基础配置', 0, 0),
(180, '扩展', 0, 11, 'Addons/index', 0, '', '', 0, 1),
(181, '广告位', 158, 0, 'Adposition/index', 0, '', '广告管理', 0, 1),
(182, '商品类型', 68, 4, 'GoodsType/index', 0, '', '内容管理', 0, 1),
(185, '商品扩展字段表', 68, 5, 'GoodsExtend/index', 1, '', '内容管理', 1, 1),
(331, '大转盘', 158, 3, 'PromotionDzp/index', 0, '', '促销管理', 0, 1),
(184, '所有订单', 131, 1, 'Order/index', 0, '', '订单管理', 0, 1),
(186, '单页分类', 68, 1, 'Page/index', 0, '', '内容管理', 0, 1),
(188, '评论管理', 16, 4, 'Comment/index', 0, '', '信息管理', 0, 1),
(247, '删除', 106, 0, 'Action/remove', 1, '', '', 1, 1),
(192, '产品列表', 166, 0, 'goods/index', 0, '', '内容管理', 0, 1),
(193, '产品回收站', 166, 0, 'goods/recycle', 0, '', '内容管理', 0, 1),
(200, '提现审核', 16, 1, 'Cash/index', 0, '', '提现管理', 0, 1),
(201, '成功的提现', 16, 2, 'Cash/right', 0, '', '提现管理', 0, 1),
(202, '驳回的提现', 16, 3, 'Cash/wrong', 0, '', '提现管理', 0, 1),
(245, '禁用', 17, 3, 'User/changeStatus/method/forbidUser', 1, '', '', 1, 1),
(333, '文章草稿箱', 2, 3, 'Article/draftbox', 0, '', '内容管理', 0, 1),
(227, '提交', 109, 0, 'Admin/submitNickname', 1, '', '', 1, 1),
(226, '管理员管理', 68, 1, 'Admin/index', 0, '', '管理员', 0, 1),
(219, '申请退货', 131, 0, 'Back/index?status=0', 0, '', '退货管理', 0, 1),
(332, '商品草稿箱', 166, 3, 'Goods/draftbox', 0, '', '内容管理', 0, 1),
(314, '收货地址', 17, 6, 'User/address', 1, '', '', 1, 1),
(228, '提交', 108, 0, 'Admin/submitPassword', 1, '', '', 1, 1),
(229, '添加', 226, 0, 'Admin/add', 1, '', '', 1, 1),
(230, '编辑', 226, 0, 'Admin/edit', 1, '', '', 1, 1),
(231, '启用', 226, 0, 'Admin/changeStatus/method/resumeUser', 1, '', '', 1, 1),
(232, '禁用', 226, 0, 'Admin/changeStatus/method/forbidUser', 1, '', '', 1, 1),
(233, '删除', 226, 0, 'Admin/changeStatus/method/deleteUser', 1, '', '', 1, 1),
(234, '删除', 75, 5, 'Menu/del', 1, '', '', 1, 1),
(235, '禁用', 80, 3, 'Category/setStatus', 1, '', '', 1, 1),
(236, '清除缓存', 68, 7, 'Cache/delcache', 1, '', '系统设置', 1, 1),
(322, '满减促销', 158, 0, 'PromotionMj/index', 0, '', '促销管理', 0, 1),
(238, '添加', 182, 1, 'GoodsType/add', 1, '', '', 1, 1),
(239, '删除', 182, 3, 'GoodsType/del', 1, '', '', 1, 1),
(240, '编辑', 182, 2, 'GoodsType/edit', 1, '', '', 1, 1),
(241, '添加', 185, 0, 'GoodsExtend/add', 1, '', '', 1, 1),
(242, '编辑', 185, 0, 'GoodsExtend/edit', 1, '', '', 1, 1),
(243, '删除', 185, 0, 'GoodsExtend/del', 1, '', '', 1, 1),
(248, '清空', 106, 0, 'Action/clear', 1, '', '', 1, 1),
(249, '新增', 156, 0, 'Pay/add', 1, '', '', 1, 1),
(250, '删除', 156, 0, 'Pay/del', 1, '', '', 1, 1),
(251, '编辑', 156, 0, 'Pay/edit', 1, '', '', 1, 1),
(252, '禁用', 76, 0, 'Channel/setStatus', 1, '', '', 1, 1),
(253, '删除数据', 58, 10, 'Think/del', 1, '', '', 0, 1),
(254, '删除', 58, 4, 'model/del', 1, '', '', 1, 1),
(255, '新增', 186, 0, 'Page/add', 1, '', '', 0, 1),
(256, '编辑', 186, 0, 'Page/edit', 1, '', '', 1, 1),
(257, '更改状态', 186, 0, 'Page/setStatus', 1, '', '', 1, 1),
(258, '删除', 186, 0, 'Page/remove', 1, '', '', 1, 1),
(259, '移动', 186, 0, 'Page/operate/type/move', 1, '', '', 1, 1),
(260, '合并', 186, 0, 'Page/operate/type/merge', 1, '', '', 1, 1),
(261, '新增', 174, 0, 'Catearticle/add', 1, '', '', 1, 1),
(262, '编辑', 174, 0, 'Catearticle/edit', 1, '', '', 1, 1),
(263, '更改状态', 174, 0, 'Catearticle/setStatus', 1, '', '', 1, 1),
(264, '删除', 174, 0, 'Catearticle/remove', 1, '', '', 1, 1),
(265, '移动', 174, 0, 'Catearticle/operate/type/move', 1, '', '', 1, 1),
(266, '合并', 174, 0, 'Catearticle/operate/type/merge', 1, '', '', 1, 1),
(268, '新增', 192, 0, 'goods/add', 0, '', '', 0, 0),
(269, '编辑', 192, 0, 'goods/edit', 0, '', '', 0, 0),
(270, '改变状态', 192, 0, 'goods/setStatus', 0, '', '', 0, 0),
(271, '保存', 192, 0, 'goods/update', 0, '', '', 0, 0),
(272, '保存草稿', 192, 0, 'goods/autoSave', 0, '', '', 0, 0),
(273, '移动', 192, 0, 'goods/move', 0, '', '', 0, 0),
(274, '复制', 192, 0, 'goods/copy', 0, '', '', 0, 0),
(275, '粘贴', 192, 0, 'goods/paste', 0, '', '', 0, 0),
(276, '导入', 192, 0, 'goods/batchOperate', 0, '', '', 0, 0),
(277, '文档排序', 192, 0, 'goods/sort', 0, '', '', 0, 0),
(278, '审核列表', 192, 0, 'goods/examine', 0, '', '', 0, 0),
(279, '还原', 193, 0, 'goods/permit', 0, '', '', 0, 0),
(280, '清空', 193, 0, 'goods/clear', 0, '', '', 0, 0),
(281, '新增', 159, 0, 'Ad/add', 1, '', '', 1, 1),
(282, '编辑', 159, 0, 'Ad/edit', 1, '', '', 1, 1),
(283, '删除', 159, 0, 'Ad/del', 1, '', '', 1, 1),
(284, '新增', 181, 0, 'Adposition/add', 1, '', '', 1, 1),
(285, '编辑', 181, 0, 'Adposition/edit', 1, '', '', 1, 1),
(286, '删除', 181, 0, 'Adposition/del', 1, '', '', 1, 1),
(291, '编辑', 169, 0, 'Sms/edit', 1, '', '', 1, 1),
(292, '删除', 169, 0, 'Sms/del/id', 1, '', '', 1, 1),
(293, '新增', 170, 0, 'Envelope/add', 1, '', '', 1, 1),
(294, '编辑', 170, 0, 'Envelope/edit', 1, '', '', 1, 1),
(295, '删除', 170, 0, 'Envelope/del', 1, '', '', 1, 1),
(296, '新增', 188, 0, 'Comment/add', 1, '', '', 1, 1),
(297, '编辑', 188, 0, 'Comment/edit', 1, '', '', 1, 1),
(298, '删除', 188, 0, 'Comment/del', 1, '', '', 1, 1),
(299, '新增', 171, 0, 'Message/add', 1, '', '', 1, 1),
(300, '编辑', 171, 0, 'Message/edit', 1, '', '', 1, 1),
(301, '删除', 171, 0, 'Message/del', 1, '', '', 1, 1),
(302, '转账成功', 200, 0, 'Cash/oksuccess', 1, '', '', 1, 1),
(303, '驳回', 200, 0, 'Cash/edit', 1, '', '', 1, 1),
(304, '新增', 184, 0, 'Order/add', 1, '', '', 0, 1),
(305, '编辑', 184, 0, 'Order/edit', 1, '', '', 0, 1),
(306, '删除', 184, 0, 'Order/del', 1, '', '', 1, 1),
(307, '发货', 184, 0, 'Order/send', 1, '', '', 1, 1),
(308, '确认收货', 184, 0, 'Order/complete', 1, '', '', 1, 1),
(309, '待付款订单', 131, 2, 'Order/dfk', 0, '', '订单管理', 0, 1),
(310, '已取消订单', 131, 6, 'Order/yqx', 0, '', '订单管理', 0, 1),
(315, '资金明细', 17, 10, 'User/account', 1, '', '', 1, 1),
(316, '新增收货地址', 17, 7, 'User/addressadd', 1, '', '', 1, 1),
(317, '编辑收货地址', 17, 8, 'User/addressedit', 1, '', '', 1, 1),
(318, '删除收货地址', 17, 9, 'User/addressdel', 1, '', '', 1, 1),
(319, '变动用户资金', 17, 11, 'User/accountedit', 1, '', '', 1, 1),
(320, '删除资金记录', 17, 12, 'User/accountdel', 1, '', '', 1, 1),
(323, '优惠券', 158, 0, 'PromotionYhj/index', 0, '', '促销管理', 0, 1),
(325, '添加', 322, 0, 'PromotionMj/add', 0, '', '', 0, 1),
(326, '编辑', 322, 0, 'PromotionMj/edit', 0, '', '', 0, 1),
(327, '删除', 322, 0, 'PromotionMj/del', 0, '', '', 0, 1),
(328, '添加', 323, 0, 'PromotionYhj/add', 0, '', '', 0, 1),
(329, '编辑', 323, 0, 'PromotionYhj/edit', 0, '', '', 0, 1),
(330, '删除', 323, 0, 'PromotionYhj/del', 0, '', '', 0, 1);

-- --------------------------------------------------------

--
-- 表的结构 `ewshop_message`
--

CREATE TABLE IF NOT EXISTS `ewshop_message` (
  `id` int(10) NOT NULL AUTO_INCREMENT,
  `uid` int(10) unsigned NOT NULL DEFAULT '0',
  `goodid` int(10) unsigned NOT NULL DEFAULT '0',
  `title` varchar(225) NOT NULL DEFAULT '' COMMENT '标题',
  `content` varchar(225) NOT NULL DEFAULT '' COMMENT '留言内容',
  `status` tinyint(2) NOT NULL DEFAULT '0' COMMENT '默认0-未提交订单1-未读2-已读',
  `create_time` int(10) unsigned NOT NULL DEFAULT '0',
  `update_time` int(10) unsigned NOT NULL DEFAULT '0',
  `group` varchar(225) NOT NULL DEFAULT '' COMMENT '分组',
  PRIMARY KEY (`id`)
) ENGINE=MyISAM DEFAULT CHARSET=utf8 COMMENT='留言表' AUTO_INCREMENT=1 ;

--
-- 转存表中的数据 `ewshop_message`
--


-- --------------------------------------------------------

--
-- 表的结构 `ewshop_model`
--

CREATE TABLE IF NOT EXISTS `ewshop_model` (
  `id` int(10) unsigned NOT NULL AUTO_INCREMENT COMMENT '模型ID',
  `name` char(30) NOT NULL DEFAULT '' COMMENT '模型标识',
  `title` char(30) NOT NULL DEFAULT '' COMMENT '模型名称',
  `extend` int(10) unsigned NOT NULL DEFAULT '0' COMMENT '继承的模型',
  `relation` varchar(30) NOT NULL DEFAULT '' COMMENT '继承与被继承模型的关联字段',
  `need_pk` tinyint(1) unsigned NOT NULL DEFAULT '1' COMMENT '新建表时是否需要主键字段',
  `field_sort` text COMMENT '表单字段排序',
  `field_group` varchar(255) NOT NULL DEFAULT '1:基础' COMMENT '字段分组',
  `attribute_list` text COMMENT '属性列表（表的字段）',
  `attribute_alias` varchar(255) NOT NULL DEFAULT '' COMMENT '属性别名定义',
  `template_list` varchar(100) NOT NULL DEFAULT '' COMMENT '列表模板',
  `template_add` varchar(100) NOT NULL DEFAULT '' COMMENT '新增模板',
  `template_edit` varchar(100) NOT NULL DEFAULT '' COMMENT '编辑模板',
  `list_grid` text COMMENT '列表定义',
  `list_row` smallint(2) unsigned NOT NULL DEFAULT '10' COMMENT '列表数据长度',
  `search_key` varchar(50) NOT NULL DEFAULT '' COMMENT '默认搜索字段',
  `search_list` varchar(255) NOT NULL DEFAULT '' COMMENT '高级搜索的字段',
  `create_time` int(10) unsigned NOT NULL DEFAULT '0' COMMENT '创建时间',
  `update_time` int(10) unsigned NOT NULL DEFAULT '0' COMMENT '更新时间',
  `status` tinyint(3) unsigned NOT NULL DEFAULT '0' COMMENT '状态',
  `engine_type` varchar(25) NOT NULL DEFAULT 'MyISAM' COMMENT '数据库引擎',
  PRIMARY KEY (`id`)
) ENGINE=MyISAM  DEFAULT CHARSET=utf8 COMMENT='文档模型表' AUTO_INCREMENT=18 ;

--
-- 转存表中的数据 `ewshop_model`
--

INSERT INTO `ewshop_model` (`id`, `name`, `title`, `extend`, `relation`, `need_pk`, `field_sort`, `field_group`, `attribute_list`, `attribute_alias`, `template_list`, `template_add`, `template_edit`, `list_grid`, `list_row`, `search_key`, `search_list`, `create_time`, `update_time`, `status`, `engine_type`) VALUES
(1, 'document', '产品模型', 0, '', 1, '{"1":["147","56","55","49","2","3","5","10","11","148","12","13","16","17","19","20","51"]}', '1:基础', '', '', '', '', '', 'id:编号\r\ntitle:标题:[EDIT]\r\nupdate_time:最后更新\r\nstatus:状态\r\nview:浏览\r\nid:操作:[EDIT]|编辑,[DELETE]|删除', 0, '', '', 1383891233, 1441794691, 1, 'MyISAM'),
(2, 'article', '文章模型', 0, '', 1, '{"1":["163","162","139","123","127","134","135","130","129","132","131"]}', '1:基础', '', '', '', '', '', 'id:编号\r\ntitle:标题:[EDIT]\r\nupdate_time:最后更新\r\nstatus:状态\r\nview:浏览\r\nid:操作:[EDIT]|编辑,[DELETE]|删除', 0, '', '', 1383891243, 1452701135, 1, 'MyISAM'),
(17, 'base', '基础模型', 2, '', 1, '{"1":["123","134","135","145","127","132","130","129"],"2":["139","131","141"]}', '1:基础,2:扩展', NULL, '', '', '', '', 'id:编号\r\ntitle:标题:[EDIT]\r\nupdate_time:最后更新\r\nstatus:状态\r\nview:浏览\r\nid:操作:[EDIT]|编辑,[DELETE]|删除', 10, '', '', 1438687853, 1439520566, 1, 'MyISAM'),
(5, 'product', '基础模型', 1, '', 1, '{"1":["148","147","3","2","35","51","12","49","46","47","5","36","149","144"],"2":["55","39","11","10","56","16","17","44","43","19","13","20"]}', '1:基础,2:扩展', '', '', '', '', '', 'id:编号\r\ntitle:标题:[EDIT]\r\nupdate_time:最后更新\r\nstatus:状态\r\nview:浏览\r\nid:操作:[EDIT]|编辑,[DELETE]|删除', 0, '', '', 1383891252, 1442560961, 1, 'MyISAM');

-- --------------------------------------------------------

--
-- 表的结构 `ewshop_order`
--

CREATE TABLE IF NOT EXISTS `ewshop_order` (
  `id` int(225) unsigned NOT NULL AUTO_INCREMENT COMMENT '订单id',
  `orderid` varchar(225) NOT NULL DEFAULT '',
  `tag` varchar(225) NOT NULL DEFAULT '',
  `pricetotal` decimal(50,2) NOT NULL DEFAULT '0.00',
  `create_time` int(10) unsigned NOT NULL DEFAULT '0' COMMENT '创建时间',
  `status` tinyint(2) NOT NULL DEFAULT '0' COMMENT '-1：待付款  1：待发货 2：待发货 3：已完成 4：已取消',
  `assistant` varchar(225) DEFAULT '无' COMMENT '操作人',
  `update_time` int(10) unsigned NOT NULL DEFAULT '0' COMMENT '更新时间',
  `uid` int(10) unsigned NOT NULL DEFAULT '0',
  `shipprice` decimal(50,2) NOT NULL DEFAULT '0.00',
  `display` int(10) unsigned NOT NULL DEFAULT '0',
  `isover` varchar(225) NOT NULL DEFAULT '',
  `ispay` tinyint(2) NOT NULL DEFAULT '0' COMMENT '1在线支付未完成2在线支付完成3-货到付款',
  `total` decimal(50,2) NOT NULL DEFAULT '0.00',
  `tool` varchar(225) NOT NULL DEFAULT '' COMMENT '是否默认地址',
  `addressid` int(10) unsigned NOT NULL DEFAULT '0',
  `toolid` varchar(225) NOT NULL DEFAULT '',
  `isdefault` int(10) unsigned NOT NULL DEFAULT '0',
  `info` varchar(225) NOT NULL DEFAULT '',
  `shipway` varchar(225) NOT NULL DEFAULT '' COMMENT '送货方式',
  `invoice` varchar(225) NOT NULL DEFAULT '' COMMENT '发票抬头',
  `taitou_type` varchar(50) NOT NULL COMMENT '发票抬头类型',
  `fapiao_content` varchar(50) NOT NULL COMMENT '发票内容',
  `message` varchar(225) NOT NULL DEFAULT '' COMMENT '留言',
  `backinfo` varchar(225) NOT NULL DEFAULT '',
  `score` int(10) unsigned NOT NULL DEFAULT '0',
  `codeid` varchar(225) NOT NULL DEFAULT '' COMMENT '优惠券序列号',
  `codemoney` decimal(50,2) NOT NULL DEFAULT '0.00' COMMENT '优惠券金额',
  `send_name` varchar(225) NOT NULL DEFAULT '',
  `send_contact` varchar(225) NOT NULL DEFAULT '',
  `send_address` varchar(225) NOT NULL DEFAULT '',
  `province` varchar(25) NOT NULL COMMENT '省',
  `city` varchar(25) NOT NULL COMMENT '市',
  `area` varchar(25) NOT NULL COMMENT '县/区',
  `address` varchar(255) NOT NULL COMMENT '详细地址',
  `youbian` varchar(10) NOT NULL COMMENT '邮编',
  `phone` varchar(20) NOT NULL COMMENT '电话',
  `realname` varchar(25) NOT NULL COMMENT '真实姓名',
  `disbutmoney` decimal(50,2) NOT NULL DEFAULT '0.00' COMMENT '分销价格',
  `goodsnum` int(11) NOT NULL COMMENT '商品总数',
  `iscomment` int(5) unsigned NOT NULL DEFAULT '1' COMMENT '订单是否评论(1:未评论;2:已评论)',
  `mjprice` decimal(50,2) NOT NULL COMMENT '满减金额',
  PRIMARY KEY (`id`)
) ENGINE=MyISAM  DEFAULT CHARSET=utf8 COMMENT='订单表' AUTO_INCREMENT=28 ;

--
-- 转存表中的数据 `ewshop_order`
--

INSERT INTO `ewshop_order` (`id`, `orderid`, `tag`, `pricetotal`, `create_time`, `status`, `assistant`, `update_time`, `uid`, `shipprice`, `display`, `isover`, `ispay`, `total`, `tool`, `addressid`, `toolid`, `isdefault`, `info`, `shipway`, `invoice`, `taitou_type`, `fapiao_content`, `message`, `backinfo`, `score`, `codeid`, `codemoney`, `send_name`, `send_contact`, `send_address`, `province`, `city`, `area`, `address`, `youbian`, `phone`, `realname`, `disbutmoney`, `goodsnum`, `iscomment`, `mjprice`) VALUES
(1, 'B1155509122382131888', 'B1155509122382131888', '100.00', 1452855145, 3, '暂无', 1452855382, 3, '12.00', 0, '', 2, '100.00', '轻轻巧巧', 0, '123213213', 0, '11', '', '', '', '', '', '', 0, '', '0.00', '', '', '', '', '', '', '轻轻巧巧', '111', '13145674567', '111', '0.00', 0, 1, '0.00'),
(2, 'B1163434382635281913', 'B1163434382635281913', '1000.00', 1452934371, 1, '暂无', 1459139855, 3, '10.00', 0, '', 2, '1000.00', '小小快递', 0, 'xdadsad123213', 0, '小小', '', '', '', '', '', '', 0, '', '0.00', '', '', '', '', '', '', '啊大大', 'sdsaa', '01064127534', '小强', '0.00', 0, 1, '0.00'),
(3, 'B1163590077400757986', 'B1163590077400757986', '100.00', 1452935927, 1, '暂无', 0, 3, '11.00', 0, '', 2, '100.00', '1321321', 0, '123213', 0, '小小', '', '', '', '', '', '', 0, '', '0.00', '', '', '', '', '', '', '13213', '21321', '321321321', '123213', '0.00', 0, 1, '0.00'),
(7, 'B1164135775667320681', 'B1164135775667320681', '100.00', 1452941372, 4, '暂无', 1452941381, 3, '11.00', 0, '', 2, '100.00', '12321', 0, '321', 0, '1010312', '', '', '', '', '', '', 0, '', '0.00', '', '', '', '', '', '', '123', '123', '123', '123', '0.00', 0, 1, '0.00'),
(8, 'B1164143331915843162', 'B1164143331915843162', '11.00', 1452941454, 4, '暂无', 1459139796, 3, '11.00', 0, '', -1, '111.00', '11', 0, '111', 0, '11', '', '', '', '', '', '', 0, '', '0.00', '', '', '', '', '', '', '11', '11', '11', '11', '0.00', 0, 1, '0.00'),
(9, 'B1217415153401541074', 'B1217415153401541074', '1000.00', 1459180430, 3, '暂无', 0, 3, '12.00', 0, '', 2, '1000.00', '12321', 0, '123213', 0, 'xiaoxia', '', '', '', '', '', '', 0, '', '0.00', '', '', '', '', '', '', '321321', '1321', '312321', '1321321', '0.00', 2, 1, '0.00'),
(10, 'B1217419192457610275', 'B1217419192457610275', '100.00', 1459180430, 3, '1', 1460289325, 3, '1.00', 0, '', 1, '100.00', '321', 0, '321', 0, 'dq', '', '', '', '', '', '', 0, '', '0.00', '', '', '', '', '', '', '3213', '123', '123', '13', '0.00', 0, 1, '0.00'),
(11, 'B4108933953839330181', 'B4108933953839330181', '100.00', 1460289382, -1, '暂无', 0, 3, '0.00', 0, '', 1, '100.00', '', 0, '', 0, '', '', '', '', '', '', '', 0, '', '0.00', '', '', '', '', '', '', 'dddddddddddddd', 'd', 'ddddddddddd', 'ffffffffffffff', '0.00', 0, 1, '0.00'),
(12, 'B4150643979544687148', 'B4150643979544687148', '322.00', 1460706443, 1, '无', 0, 3, '0.00', 0, '', -1, '322.00', '', 1, '', 0, '', '', '', '不需要发票', '', '', '已提交等待发货', 0, '', '0.00', '天行云', '010-64127534', '北京朝阳', '', '', '', '123213213213', '123123', '01082873132', '小强', '0.00', 1, 1, '0.00'),
(13, 'B4150667127182704638', 'B4150667127182704638', '322.00', 1460706687, 1, '无', 0, 3, '0.00', 0, '', -1, '322.00', '', 1, '', 0, '', '', '', '不需要发票', '', '', '已提交等待发货', 0, '', '0.00', '天行云', '010-64127534', '北京朝阳', '', '', '', '123213213213', '123123', '01082873132', '小强', '0.00', 1, 1, '0.00'),
(14, 'B4244038365698957407', 'B4244038365698957407', '1764.00', 1461440392, -1, '无', 0, 3, '0.00', 0, '', 1, '1764.00', '', 3, '', 0, '', '', '', '', '', '', '等待支付', 0, '', '0.00', '天行云', '010-64127534', '北京朝阳', '', '', '', '12333333333333333333333333333', '', '16612311233', '123', '0.00', 10, 1, '0.00'),
(15, 'B4244181989783811792', 'B4244181989783811792', '3.00', 1461441879, -1, '无', 0, 3, '0.00', 0, '', 1, '3.00', '', 5, '', 0, '', '', '', '', '', '', '等待支付', 0, '', '0.00', '天行云', '010-64127534', '北京朝阳', '', '', '', '200', '', '01064127534', '小明12', '0.00', 1, 1, '0.00'),
(16, 'B4244235478529327605', 'B4244235478529327605', '122.00', 1461442385, 1, '无', 0, 3, '0.00', 0, '', -1, '122.00', '', 6, '', 0, '', '', '', '', '', '', '已提交等待发货', 0, '', '0.00', '天行云', '010-64127534', '北京朝阳', '', '', '', '200', '', '18810621460', '小强dddddd', '0.00', 1, 1, '0.00'),
(17, 'B4248802236589445996', 'B4248802236589445996', '5416.00', 1461488042, -1, '无', 0, 3, '0.00', 0, '', 1, '5416.00', '', 6, '', 0, '', '', '', '', '', '', '等待支付', 0, '', '0.00', '天行云', '010-64127534', '北京朝阳', '', '', '', '200', '', '18810621460', '小强dddddd', '0.00', 18, 1, '0.00'),
(18, 'B4248837544908130531', 'B4248837544908130531', '5416.00', 1461488378, -1, '无', 0, 3, '0.00', 0, '', 1, '5416.00', '', 6, '', 0, '', '', '', '', '', '', '等待支付', 0, '', '0.00', '天行云', '010-64127534', '北京朝阳', '', '', '', '200', '', '18810621460', '小强dddddd', '0.00', 18, 1, '0.00'),
(19, 'B4248855866138248631', 'B4248855866138248631', '5416.00', 1461488559, -1, '无', 0, 3, '0.00', 0, '', 1, '5416.00', '', 6, '', 0, '', '', '', '', '', '', '等待支付', 0, '', '0.00', '天行云', '010-64127534', '北京朝阳', '', '', '', '200', '', '18810621460', '小强dddddd', '0.00', 18, 1, '0.00'),
(20, 'B4248863740581213567', 'B4248863740581213567', '5416.00', 1461488638, -1, '无', 0, 3, '0.00', 0, '', 1, '5416.00', '', 6, '', 0, '', '', '', '', '', '', '等待支付', 0, '', '0.00', '天行云', '010-64127534', '北京朝阳', '', '', '', '200', '', '18810621460', '小强dddddd', '0.00', 18, 1, '0.00'),
(21, 'B4248880157903933647', 'B4248880157903933647', '5416.00', 1461488803, -1, '无', 0, 3, '0.00', 0, '', 1, '5416.00', '', 6, '', 0, '', '', '', '', '', '', '等待支付', 0, '', '0.00', '天行云', '010-64127534', '北京朝阳', '', '', '', '200', '', '18810621460', '小强dddddd', '0.00', 18, 1, '0.00'),
(22, 'B4248881637448190126', 'B4248881637448190126', '5416.00', 1461488817, -1, '无', 0, 3, '0.00', 0, '', 1, '5416.00', '', 6, '', 0, '', '', '', '', '', '', '等待支付', 0, '', '0.00', '天行云', '010-64127534', '北京朝阳', '', '', '', '200', '', '18810621460', '小强dddddd', '0.00', 18, 1, '0.00'),
(23, 'B4248883503250847108', 'B4248883503250847108', '5416.00', 1461488838, 1, '无', 0, 3, '0.00', 0, '', -1, '5416.00', '', 6, '', 0, '', '', '', '', '', '', '已提交等待发货', 0, '', '0.00', '天行云', '010-64127534', '北京朝阳', '', '', '', '200', '', '18810621460', '小强dddddd', '0.00', 18, 1, '0.00'),
(24, 'B4249036444283456524', 'B4249036444283456524', '202.00', 1461490396, -1, '无', 0, 3, '0.00', 0, '', 1, '202.00', '', 6, '', 0, '', '', '北京一网天行科技有限公司', '公司发票', '轻轻巧巧', '', '等待支付', 0, '', '0.00', '天行云', '010-64127534', '北京朝阳', '', '', '', '200', '', '18810621460', '小强dddddd', '0.00', 5, 1, '0.00'),
(25, 'B4241282414352435010', 'B4241282414352435010', '799.00', 1461513621, -1, '无', 0, 3, '0.00', 0, '', 1, '899.00', '', 7, '', 0, '', '', '', '不需要发票', '', '', '等待支付', 0, 'EW51-14615104162776', '100.00', '天行云', '010-64127534', '北京朝阳', '', '', '', '200', '', '01064127534', '小明12', '0.00', 4, 1, '0.00'),
(26, 'B4251378811555369352', 'B4251378811555369352', '298.00', 1461513845, -1, '无', 0, 3, '0.00', 0, '', 1, '798.00', '', 7, '', 0, '', '', '', '不需要发票', '', '', '等待支付', 0, 'EWA14615102710762', '500.00', '天行云', '010-64127534', '北京朝阳', '', '', '', '200', '', '01064127534', '小明12', '0.00', 6, 1, '0.00'),
(27, 'B4251392478432922175', 'B4251392478432922175', '630.00', 1461514142, -1, '无', 0, 3, '0.00', 0, '', 1, '930.00', '', 7, '', 0, '', '', '', '不需要发票', '', '', '等待支付', 0, 'QW146151390343397', '300.00', '天行云', '010-64127534', '北京朝阳', '', '', '', '200', '', '01064127534', '小明12', '0.00', 6, 1, '0.00');

-- --------------------------------------------------------

--
-- 表的结构 `ewshop_pay`
--

CREATE TABLE IF NOT EXISTS `ewshop_pay` (
  `id` int(11) NOT NULL AUTO_INCREMENT,
  `out_trade_no` varchar(100) NOT NULL DEFAULT '',
  `money` decimal(50,2) NOT NULL DEFAULT '0.00' COMMENT '优惠后的总金额',
  `status` tinyint(2) NOT NULL DEFAULT '0' COMMENT '数据状态',
  `type` int(10) NOT NULL DEFAULT '0' COMMENT '付款类型1-货到付款2-在线支付',
  `uid` int(10) NOT NULL DEFAULT '0',
  `total` decimal(50,2) NOT NULL DEFAULT '0.00',
  `yunfee` decimal(50,2) NOT NULL DEFAULT '0.00' COMMENT '运费',
  `ratio` decimal(50,2) NOT NULL DEFAULT '0.00' COMMENT '积分抵消金额',
  `ratioscore` int(10) NOT NULL DEFAULT '0' COMMENT '消耗积分',
  `coupon` decimal(50,2) NOT NULL DEFAULT '0.00',
  `couponcode` varchar(255) NOT NULL DEFAULT '',
  `callback` varchar(255) NOT NULL DEFAULT '0',
  `addressid` varchar(255) NOT NULL DEFAULT '0' COMMENT '地址',
  `url` varchar(255) NOT NULL DEFAULT '0',
  `param` text,
  `create_time` int(10) unsigned NOT NULL DEFAULT '0' COMMENT '创建时间',
  `update_time` int(10) unsigned NOT NULL DEFAULT '0',
  PRIMARY KEY (`id`)
) ENGINE=MyISAM  DEFAULT CHARSET=utf8 COMMENT='在线支付表' AUTO_INCREMENT=23 ;

--
-- 转存表中的数据 `ewshop_pay`
--

INSERT INTO `ewshop_pay` (`id`, `out_trade_no`, `money`, `status`, `type`, `uid`, `total`, `yunfee`, `ratio`, `ratioscore`, `coupon`, `couponcode`, `callback`, `addressid`, `url`, `param`, `create_time`, `update_time`) VALUES
(1, '12321321', '321.00', 0, 1, 0, '133.00', '0.00', '0.00', 0, '0.00', '', '0', '', '0', NULL, 0, 1452695193),
(2, 'B4150643979544687148', '322.00', 1, 2, 3, '322.00', '0.00', '0.00', 0, '0.00', '', '0', '1', '0', NULL, 1460706443, 0),
(3, 'B4150667127182704638', '322.00', 1, 2, 3, '322.00', '0.00', '0.00', 0, '0.00', '', '0', '1', '0', NULL, 1460706687, 0),
(4, 'B4108933953839330181', '100.00', 0, 0, 0, '0.00', '0.00', '0.00', 0, '0.00', '', 'Home/Pay/success', '0', '/Home/Pay/over.html', 'a:1:{s:8:"order_id";s:20:"B4108933953839330181";}', 1461434707, 1461434707),
(5, 'B4244038365698957407', '1764.00', 1, 1, 3, '1764.00', '0.00', '0.00', 0, '0.00', '', '0', '3', '0', NULL, 1461440392, 0),
(6, 'B4244181989783811792', '3.00', 1, 1, 3, '3.00', '0.00', '0.00', 0, '0.00', '', '0', '5', '0', NULL, 1461441879, 0),
(7, 'B4244235478529327605', '122.00', 1, 2, 3, '122.00', '0.00', '0.00', 0, '0.00', '', '0', '6', '0', NULL, 1461442385, 0),
(8, 'B4248802236589445996', '5416.00', 1, 1, 3, '5416.00', '0.00', '0.00', 0, '0.00', '', '0', '6', '0', NULL, 1461488042, 0),
(9, 'B4248837544908130531', '5416.00', 1, 1, 3, '5416.00', '0.00', '0.00', 0, '0.00', '', '0', '6', '0', NULL, 1461488378, 0),
(10, 'B4248855866138248631', '5416.00', 1, 1, 3, '5416.00', '0.00', '0.00', 0, '0.00', '', '0', '6', '0', NULL, 1461488559, 0),
(11, 'B4248863740581213567', '5416.00', 1, 1, 3, '5416.00', '0.00', '0.00', 0, '0.00', '', '0', '6', '0', NULL, 1461488638, 0),
(12, 'B4248863740581213567', '5416.00', 0, 0, 0, '0.00', '0.00', '0.00', 0, '0.00', '', 'Home/Pay/success', '0', '/Home/Pay/over.html', 'a:1:{s:8:"order_id";s:20:"B4248863740581213567";}', 1461488644, 1461488644),
(13, 'B4248880157903933647', '5416.00', 1, 1, 3, '5416.00', '0.00', '0.00', 0, '0.00', '', '0', '6', '0', NULL, 1461488803, 0),
(14, 'B4248881637448190126', '5416.00', 1, 1, 3, '5416.00', '0.00', '0.00', 0, '0.00', '', '0', '6', '0', NULL, 1461488817, 0),
(15, 'B4248881637448190126', '5416.00', 0, 0, 0, '0.00', '0.00', '0.00', 0, '0.00', '', 'Home/Pay/success', '0', '/Home/Pay/over.html', 'a:1:{s:8:"order_id";s:20:"B4248881637448190126";}', 1461488819, 1461488819),
(16, 'B4248883503250847108', '5416.00', 1, 2, 3, '5416.00', '0.00', '0.00', 0, '0.00', '', '0', '6', '0', NULL, 1461488838, 0),
(17, 'B4249036444283456524', '202.00', 1, 1, 3, '202.00', '0.00', '0.00', 0, '0.00', '', '0', '6', '0', NULL, 1461490396, 0),
(18, 'CZB4240638934094146613', '0.00', 0, 0, 0, '0.00', '0.00', '0.00', 0, '0.00', '', 'Home/Pay/success', '0', '/Home/Pay/over.html', 'a:1:{s:8:"order_id";s:22:"CZB4240638934094146613";}', 1461506391, 1461506391),
(19, 'B4241282414352435010', '799.00', 1, 1, 3, '899.00', '0.00', '0.00', 0, '100.00', 'EW51-14615104162776', '0', '7', '0', NULL, 1461513621, 0),
(20, 'B4251378811555369352', '298.00', 1, 1, 3, '798.00', '0.00', '0.00', 0, '500.00', 'EWA14615102710762', '0', '7', '0', NULL, 1461513845, 0),
(21, 'B4251378811555369352', '298.00', 0, 0, 0, '0.00', '0.00', '0.00', 0, '0.00', '', 'Home/Pay/success', '0', '/Home/Pay/over.html', 'a:1:{s:8:"order_id";s:20:"B4251378811555369352";}', 1461513849, 1461513849),
(22, 'B4251392478432922175', '630.00', 1, 1, 3, '930.00', '0.00', '0.00', 0, '300.00', 'QW146151390343397', '0', '7', '0', NULL, 1461514142, 0);

-- --------------------------------------------------------

--
-- 表的结构 `ewshop_picture`
--

CREATE TABLE IF NOT EXISTS `ewshop_picture` (
  `id` int(10) unsigned NOT NULL AUTO_INCREMENT COMMENT '主键id自增',
  `path` varchar(255) NOT NULL DEFAULT '' COMMENT '路径',
  `url` varchar(255) NOT NULL DEFAULT '' COMMENT '图片链接',
  `md5` char(32) NOT NULL DEFAULT '' COMMENT '文件md5',
  `sha1` char(40) NOT NULL DEFAULT '' COMMENT '文件 sha1编码',
  `status` tinyint(2) NOT NULL DEFAULT '0' COMMENT '状态',
  `create_time` int(10) unsigned NOT NULL DEFAULT '0' COMMENT '创建时间',
  PRIMARY KEY (`id`)
) ENGINE=MyISAM  DEFAULT CHARSET=utf8 AUTO_INCREMENT=10 ;

--
-- 转存表中的数据 `ewshop_picture`
--

INSERT INTO `ewshop_picture` (`id`, `path`, `url`, `md5`, `sha1`, `status`, `create_time`) VALUES
(1, '/Uploads/Picture/2016-03-28/56f8fd6427931.png', '', 'a72933db6cdb0a6db1617e6a57a29805', '32a4d1e20dfacb47f4824d1e36437812c03638d1', 1, 1459158372),
(2, '/Uploads/Picture/2016-04-11/570b862253bee.png', '', '492e6e5d4b1636b336156c7292d79134', '6d8d3226db3827ff416f71deeaec4718fdd9a17a', 1, 1460373026),
(3, '/Uploads/Picture/2016-04-15/571089dcb670d.png', '', 'b8b80758f3fd7510a76a6e4114a86567', '0096ccb1088c52e66376a1419e90f4e5139d40d7', 1, 1460701660),
(4, '/Uploads/Picture/2016-04-15/571089ede251e.jpg', '', '4ad2516968800a3c98ae0466ab851823', 'c5ad33b1cedb0eebbca9866f9bbd13db49046b18', 1, 1460701677),
(5, '/Uploads/Picture/2016-04-15/571089ee2719e.png', '', 'a7647f2fcfc0d5f4a5556ef3bfd6cc44', '69f715eba9f2a87e597e56cd0ac85e92f202c725', 1, 1460701678),
(6, '/Uploads/Picture/2016-04-15/571089ee5387f.jpg', '', '085525afefe2a0c15f8666fd6cde827f', '9702172c25d2dad878709a4fb4b778f2e28b92d4', 1, 1460701678),
(7, '/Uploads/Picture/2016-04-15/571089ee897f6.jpg', '', '9057ef0e93f9f370e08c83eb4252b835', 'a0b5b7523ce0d46e37b6e9da798ae1c8a50e94f2', 1, 1460701678),
(8, '/Uploads/Picture/2016-04-15/571089eeb6c38.jpg', '', 'c798a1ac51aa51261ccd3de5d3e5ce5f', 'caee0bb81ed546144c090e21db6ecdc52e7fc860', 1, 1460701678),
(9, '/Uploads/Picture/face/3.png', '', '', '', 1, 1461493076);

-- --------------------------------------------------------

--
-- 表的结构 `ewshop_promotion_dzp`
--

CREATE TABLE IF NOT EXISTS `ewshop_promotion_dzp` (
  `id` int(11) unsigned NOT NULL AUTO_INCREMENT,
  `name` varchar(128) NOT NULL COMMENT '活动名称',
  `zige` tinyint(1) NOT NULL DEFAULT '1' COMMENT '抽奖资格1：所有会员',
  `type` tinyint(1) NOT NULL DEFAULT '1' COMMENT '抽奖方式1：一次性2：每天',
  `times` int(11) NOT NULL DEFAULT '1' COMMENT '奖品次数',
  `start_time` varchar(20) NOT NULL COMMENT '活动起始时间',
  `end_time` varchar(20) NOT NULL COMMENT '活动结束时间',
  `content` varchar(512) NOT NULL COMMENT '简介描述',
  `status` tinyint(1) NOT NULL DEFAULT '1' COMMENT '状态1：正常2：禁用',
  `create_time` int(10) unsigned NOT NULL COMMENT '创建时间',
  PRIMARY KEY (`id`)
) ENGINE=MyISAM  DEFAULT CHARSET=utf8 COMMENT='大转盘抽奖表' AUTO_INCREMENT=9 ;

--
-- 转存表中的数据 `ewshop_promotion_dzp`
--

INSERT INTO `ewshop_promotion_dzp` (`id`, `name`, `zige`, `type`, `times`, `start_time`, `end_time`, `content`, `status`, `create_time`) VALUES
(1, '5月1转盘大抽奖', 1, 1, 1, '2016-04-02 19:30:53', '2016-04-29 23:50:53', '水水水水水', 1, 1459506525);

-- --------------------------------------------------------

--
-- 表的结构 `ewshop_promotion_dzpdata`
--

CREATE TABLE IF NOT EXISTS `ewshop_promotion_dzpdata` (
  `id` int(11) unsigned NOT NULL AUTO_INCREMENT,
  `zid` int(11) NOT NULL COMMENT '转盘活动id',
  `pid` int(11) NOT NULL COMMENT '奖品id',
  `uid` int(11) NOT NULL COMMENT '用户id',
  `create_time` int(10) NOT NULL COMMENT '抽奖时间',
  PRIMARY KEY (`id`)
) ENGINE=MyISAM  DEFAULT CHARSET=utf8 COMMENT='大转盘抽奖数据表' AUTO_INCREMENT=3 ;

--
-- 转存表中的数据 `ewshop_promotion_dzpdata`
--

INSERT INTO `ewshop_promotion_dzpdata` (`id`, `zid`, `pid`, `uid`, `create_time`) VALUES
(1, 1, 1, 1, 0),
(2, 1, 2, 1, 0);

-- --------------------------------------------------------

--
-- 表的结构 `ewshop_promotion_dzpprize`
--

CREATE TABLE IF NOT EXISTS `ewshop_promotion_dzpprize` (
  `id` int(11) unsigned NOT NULL AUTO_INCREMENT,
  `pid` int(11) NOT NULL COMMENT '大转盘活动id',
  `level` int(1) NOT NULL COMMENT '奖品等级',
  `type` tinyint(1) NOT NULL DEFAULT '1' COMMENT '奖品类型1：优惠券2：商品',
  `name` varchar(128) NOT NULL COMMENT '奖品名称',
  `prize_id` int(10) NOT NULL COMMENT '奖品id',
  `num` int(11) NOT NULL DEFAULT '1' COMMENT '奖品数量',
  `bilv` decimal(5,2) NOT NULL COMMENT '中奖比率',
  `content` varchar(512) NOT NULL COMMENT '简介描述',
  `status` tinyint(1) NOT NULL DEFAULT '1' COMMENT '状态1：正常2：禁用',
  PRIMARY KEY (`id`)
) ENGINE=MyISAM  DEFAULT CHARSET=utf8 COMMENT='大转盘奖品表' AUTO_INCREMENT=15 ;

--
-- 转存表中的数据 `ewshop_promotion_dzpprize`
--

INSERT INTO `ewshop_promotion_dzpprize` (`id`, `pid`, `level`, `type`, `name`, `prize_id`, `num`, `bilv`, `content`, `status`) VALUES
(1, 1, 1, 1, '500元优惠券', 1, 200, '50.00', '11234xede', 1),
(2, 1, 2, 2, '练骨偶去', 9, 100, '25.00', '133', 1),
(3, 1, 3, 2, '练骨偶去', 9, 100, '25.00', '133', 1);

-- --------------------------------------------------------

--
-- 表的结构 `ewshop_promotion_mj`
--

CREATE TABLE IF NOT EXISTS `ewshop_promotion_mj` (
  `id` int(11) NOT NULL AUTO_INCREMENT,
  `name` varchar(128) NOT NULL COMMENT '促销名称',
  `type` tinyint(1) NOT NULL DEFAULT '1' COMMENT '参与类型1：全部产品2：指定分类3：指定产品',
  `ids` text NOT NULL COMMENT '指定分类或产品id，用,拼接',
  `top_price` decimal(10,2) NOT NULL COMMENT '达到价格',
  `mj_price` decimal(10,2) NOT NULL COMMENT '减免金额',
  `start_time` varchar(20) NOT NULL COMMENT '开始时间',
  `end_time` varchar(20) NOT NULL COMMENT '结束时间',
  `create_time` int(10) NOT NULL COMMENT '创建时间',
  PRIMARY KEY (`id`)
) ENGINE=MyISAM  DEFAULT CHARSET=utf8 COMMENT='满减促销表' AUTO_INCREMENT=2 ;

--
-- 转存表中的数据 `ewshop_promotion_mj`
--

INSERT INTO `ewshop_promotion_mj` (`id`, `name`, `type`, `ids`, `top_price`, `mj_price`, `start_time`, `end_time`, `create_time`) VALUES
(1, '全场满500减100', 2, '206', '500.00', '100.00', '2016-03-27 16:01:54', '2016-03-30 17:50:39', 1459065738);

-- --------------------------------------------------------

--
-- 表的结构 `ewshop_promotion_yhj`
--

CREATE TABLE IF NOT EXISTS `ewshop_promotion_yhj` (
  `id` int(11) unsigned NOT NULL AUTO_INCREMENT,
  `name` varchar(128) NOT NULL COMMENT '优惠券名称',
  `type` tinyint(1) NOT NULL DEFAULT '1' COMMENT '发放类型1：按用户发放2：线下发放',
  `price` decimal(10,2) NOT NULL COMMENT '优惠券金额',
  `min_price` decimal(10,2) NOT NULL COMMENT '最小订单金额',
  `start_time` varchar(20) NOT NULL COMMENT '使用起始时间',
  `end_time` varchar(20) NOT NULL COMMENT '使用结束时间',
  `create_time` int(10) unsigned NOT NULL COMMENT '创建时间',
  PRIMARY KEY (`id`)
) ENGINE=MyISAM  DEFAULT CHARSET=utf8 COMMENT='优惠券表' AUTO_INCREMENT=4 ;

--
-- 转存表中的数据 `ewshop_promotion_yhj`
--

INSERT INTO `ewshop_promotion_yhj` (`id`, `name`, `type`, `price`, `min_price`, `start_time`, `end_time`, `create_time`) VALUES
(1, '500元优惠券', 1, '500.00', '600.00', '2016-03-27 23:33:32', '2016-05-07 22:50:06', 1459092823),
(2, '300元优惠券', 2, '300.00', '500.00', '2016-03-27 23:34:14', '2016-05-07 23:55:49', 1459092858),
(3, '51优惠大酬宾活动优惠券', 1, '100.00', '200.00', '2016-04-24 06:10:52', '2016-05-07 23:55:52', 1461510398);

-- --------------------------------------------------------

--
-- 表的结构 `ewshop_promotion_yhjdata`
--

CREATE TABLE IF NOT EXISTS `ewshop_promotion_yhjdata` (
  `id` int(11) unsigned NOT NULL AUTO_INCREMENT,
  `yhj_id` int(11) unsigned NOT NULL DEFAULT '0' COMMENT '优惠券类型',
  `sn` varchar(20) NOT NULL DEFAULT '0' COMMENT '优惠券编号',
  `user_id` int(10) unsigned NOT NULL DEFAULT '0' COMMENT '使用优惠券的会员id',
  `used_time` int(10) unsigned NOT NULL DEFAULT '0' COMMENT '使用时间',
  `order_id` int(10) unsigned NOT NULL DEFAULT '0' COMMENT '使用优惠券的订单号',
  PRIMARY KEY (`id`),
  KEY `user_id` (`user_id`)
) ENGINE=MyISAM  DEFAULT CHARSET=utf8 COMMENT='优惠券数据表' AUTO_INCREMENT=20 ;

--
-- 转存表中的数据 `ewshop_promotion_yhjdata`
--

INSERT INTO `ewshop_promotion_yhjdata` (`id`, `yhj_id`, `sn`, `user_id`, `used_time`, `order_id`) VALUES
(3, 1, 'EW14591310255935', 1, 0, 0),
(4, 1, 'EW14591310256597', 2, 0, 0),
(5, 1, 'EWA14615102710762', 3, 1461513846, 0),
(6, 3, 'EW51-14615104169409', 1, 0, 0),
(7, 3, 'EW51-14615104169886', 2, 0, 0),
(8, 3, 'EW51-14615104162776', 3, 1461513621, 0),
(9, 3, 'EW51-14615104166458', 4, 0, 0),
(10, 2, 'QW146151390375535', 0, 0, 0),
(11, 2, 'QW146151390357421', 0, 0, 0),
(12, 2, 'QW146151390312946', 0, 0, 0),
(13, 2, 'QW146151390326700', 0, 0, 0),
(14, 2, 'QW146151390368369', 0, 0, 0),
(15, 2, 'QW146151390364636', 0, 0, 0),
(16, 2, 'QW146151390339744', 0, 0, 0),
(17, 2, 'QW146151390313076', 0, 0, 0),
(18, 2, 'QW146151390384824', 0, 0, 0),
(19, 2, 'QW146151390343397', 3, 1461514143, 0);

-- --------------------------------------------------------

--
-- 表的结构 `ewshop_records`
--

CREATE TABLE IF NOT EXISTS `ewshop_records` (
  `id` int(225) NOT NULL AUTO_INCREMENT,
  `ip` varchar(225) NOT NULL DEFAULT '',
  `url` varchar(225) NOT NULL DEFAULT '',
  `country` varchar(225) NOT NULL DEFAULT '' COMMENT '订单号',
  `time` int(10) unsigned NOT NULL DEFAULT '0',
  `uid` int(10) unsigned NOT NULL DEFAULT '0',
  `info` varchar(225) NOT NULL DEFAULT '',
  `province` varchar(225) NOT NULL DEFAULT '',
  `city` varchar(225) NOT NULL DEFAULT '',
  `isp` varchar(225) NOT NULL DEFAULT '',
  `referer` varchar(225) NOT NULL DEFAULT '' COMMENT '访问来源',
  `tag` int(10) unsigned NOT NULL DEFAULT '0',
  `page` varchar(225) NOT NULL DEFAULT '',
  PRIMARY KEY (`id`)
) ENGINE=MyISAM DEFAULT CHARSET=utf8 COMMENT='ip访问记录表' AUTO_INCREMENT=1 ;

--
-- 转存表中的数据 `ewshop_records`
--


-- --------------------------------------------------------

--
-- 表的结构 `ewshop_reply`
--

CREATE TABLE IF NOT EXISTS `ewshop_reply` (
  `id` int(10) NOT NULL AUTO_INCREMENT,
  `uid` int(10) unsigned NOT NULL DEFAULT '0',
  `messageid` int(10) unsigned NOT NULL DEFAULT '0',
  `content` varchar(225) NOT NULL DEFAULT '' COMMENT '回复内容',
  `status` tinyint(2) NOT NULL COMMENT '默认0-未提交订单1-未读2-已读',
  `create_time` int(10) unsigned NOT NULL DEFAULT '0',
  `update_time` int(10) unsigned NOT NULL DEFAULT '0',
  `group` varchar(225) NOT NULL DEFAULT '' COMMENT '分组',
  PRIMARY KEY (`id`)
) ENGINE=MyISAM DEFAULT CHARSET=utf8 COMMENT='回复表' AUTO_INCREMENT=1 ;

--
-- 转存表中的数据 `ewshop_reply`
--


-- --------------------------------------------------------

--
-- 表的结构 `ewshop_shopcart`
--

CREATE TABLE IF NOT EXISTS `ewshop_shopcart` (
  `id` int(10) NOT NULL AUTO_INCREMENT,
  `goodid` int(10) unsigned NOT NULL DEFAULT '0',
  `uid` int(10) unsigned NOT NULL DEFAULT '0',
  `num` int(10) unsigned NOT NULL DEFAULT '0',
  `sort` varchar(225) NOT NULL DEFAULT '' COMMENT '排序',
  `parameters` varchar(225) NOT NULL DEFAULT '' COMMENT '参数',
  `price` decimal(50,2) NOT NULL DEFAULT '0.00',
  `create_time` int(10) unsigned NOT NULL DEFAULT '0' COMMENT '创建时间',
  PRIMARY KEY (`id`)
) ENGINE=MyISAM  DEFAULT CHARSET=utf8 COMMENT='登录用户购物车表' AUTO_INCREMENT=29 ;

--
-- 转存表中的数据 `ewshop_shopcart`
--

INSERT INTO `ewshop_shopcart` (`id`, `goodid`, `uid`, `num`, `sort`, `parameters`, `price`, `create_time`) VALUES
(28, 14, 3, 2, '14', '', '100.00', 0);

-- --------------------------------------------------------

--
-- 表的结构 `ewshop_shoplist`
--

CREATE TABLE IF NOT EXISTS `ewshop_shoplist` (
  `id` int(10) NOT NULL AUTO_INCREMENT,
  `goodid` int(10) unsigned NOT NULL DEFAULT '0',
  `num` int(10) unsigned NOT NULL DEFAULT '0',
  `orderid` varchar(225) DEFAULT NULL COMMENT '订单号',
  `uid` int(10) unsigned NOT NULL DEFAULT '0',
  `status` tinyint(2) NOT NULL DEFAULT '0' COMMENT '未提交订单1-表示已提交订单或已支付2-已完成3-退货4-换货',
  `create_time` int(10) unsigned NOT NULL DEFAULT '0',
  `price` decimal(50,2) NOT NULL DEFAULT '0.00',
  `parameters` varchar(225) NOT NULL DEFAULT '' COMMENT '参数',
  `sort` varchar(225) NOT NULL DEFAULT '' COMMENT '序号',
  `iscomment` varchar(225) NOT NULL DEFAULT '',
  `total` decimal(50,2) NOT NULL DEFAULT '0.00',
  `tag` varchar(225) NOT NULL DEFAULT '' COMMENT '支付标识号',
  `goodname` varchar(255) NOT NULL COMMENT '产品名称',
  `disbutmoney` decimal(50,2) NOT NULL DEFAULT '0.00' COMMENT '分销价格',
  PRIMARY KEY (`id`)
) ENGINE=MyISAM  DEFAULT CHARSET=utf8 AUTO_INCREMENT=206 ;

--
-- 转存表中的数据 `ewshop_shoplist`
--

INSERT INTO `ewshop_shoplist` (`id`, `goodid`, `num`, `orderid`, `uid`, `status`, `create_time`, `price`, `parameters`, `sort`, `iscomment`, `total`, `tag`, `goodname`, `disbutmoney`) VALUES
(3, 15, 1, '12', 3, 1, 1460706439, '322.00', '\r\n                白色                ;\r\n                300*300                ', '15', '', '322.00', 'B4150643979544687148', '', '0.00'),
(9, 15, 1, '13', 3, 1, 1460706671, '322.00', '\r\n                白色                ;\r\n                300*300                ', '15', '', '322.00', 'B4150667127182704638', '', '0.00'),
(99, 15, 1, '14', 3, 1, 1461440383, '632.00', '\r\n                黄色                ;\r\n                200*200                ', '15_26', '', '632.00', 'B4244038365698957407', '欧式茶具6', '0.00'),
(97, 14, 5, '14', 3, 1, 1461440383, '100.00', '', '14', '', '500.00', 'B4244038365698957407', '欧式茶具5', '0.00'),
(98, 4, 2, '14', 3, 1, 1461440383, '155.00', '', '4', '', '310.00', 'B4244038365698957407', '产品名称测试四', '0.00'),
(96, 15, 1, '14', 3, 1, 1461440383, '322.00', '\r\n                白色                ;\r\n                300*300                ', '15', '', '322.00', 'B4244038365698957407', '欧式茶具6', '0.00'),
(95, 10, 1, '14', 3, 1, 1461440383, '0.00', '', '10', '', '0.00', 'B4244038365698957407', '测试产品', '0.00'),
(120, 13, 1, '15', 3, 1, 1461441819, '3.00', '', '13', '', '3.00', 'B4244181989783811792', '', '0.00'),
(129, 1, 1, '16', 3, 1, 1461442354, '122.00', '', '1', '', '122.00', 'B4244235478529327605', '产品名称测试一', '0.00'),
(132, 15, 2, '17', 3, 1, 1461488021, '332.00', '\r\n                白色                ;\r\n                200*200                ', '15', '', '664.00', 'B4248802236589445996', '欧式茶具6', '0.00'),
(133, 15, 14, '17', 3, 1, 1461488021, '322.00', '\r\n                白色                ;\r\n                300*300                ', '15_27', '', '4508.00', 'B4248802236589445996', '欧式茶具6', '0.00'),
(134, 1, 2, '17', 3, 1, 1461488021, '122.00', '', '1', '', '244.00', 'B4248802236589445996', '产品名称测试一', '0.00'),
(135, 15, 2, '18', 3, 1, 1461488375, '332.00', '\r\n                白色                ;\r\n                200*200                ', '15', '', '664.00', 'B4248837544908130531', '欧式茶具6', '0.00'),
(136, 15, 14, '18', 3, 1, 1461488375, '322.00', '\r\n                白色                ;\r\n                300*300                ', '15_27', '', '4508.00', 'B4248837544908130531', '欧式茶具6', '0.00'),
(137, 1, 2, '18', 3, 1, 1461488375, '122.00', '', '1', '', '244.00', 'B4248837544908130531', '产品名称测试一', '0.00'),
(138, 15, 2, '19', 3, 1, 1461488558, '332.00', '\r\n                白色                ;\r\n                200*200                ', '15', '', '664.00', 'B4248855866138248631', '欧式茶具6', '0.00'),
(139, 15, 14, '19', 3, 1, 1461488558, '322.00', '\r\n                白色                ;\r\n                300*300                ', '15_27', '', '4508.00', 'B4248855866138248631', '欧式茶具6', '0.00'),
(140, 1, 2, '19', 3, 1, 1461488558, '122.00', '', '1', '', '244.00', 'B4248855866138248631', '产品名称测试一', '0.00'),
(141, 15, 2, '20', 3, 1, 1461488637, '332.00', '\r\n                白色                ;\r\n                200*200                ', '15', '', '664.00', 'B4248863740581213567', '欧式茶具6', '0.00'),
(142, 15, 14, '20', 3, 1, 1461488637, '322.00', '\r\n                白色                ;\r\n                300*300                ', '15_27', '', '4508.00', 'B4248863740581213567', '欧式茶具6', '0.00'),
(143, 1, 2, '20', 3, 1, 1461488637, '122.00', '', '1', '', '244.00', 'B4248863740581213567', '产品名称测试一', '0.00'),
(144, 15, 2, '21', 3, 1, 1461488801, '332.00', '\r\n                白色                ;\r\n                200*200                ', '15', '', '664.00', 'B4248880157903933647', '欧式茶具6', '0.00'),
(145, 15, 14, '21', 3, 1, 1461488801, '322.00', '\r\n                白色                ;\r\n                300*300                ', '15_27', '', '4508.00', 'B4248880157903933647', '欧式茶具6', '0.00'),
(146, 1, 2, '21', 3, 1, 1461488801, '122.00', '', '1', '', '244.00', 'B4248880157903933647', '产品名称测试一', '0.00'),
(147, 15, 2, '22', 3, 1, 1461488816, '332.00', '\r\n                白色                ;\r\n                200*200                ', '15', '', '664.00', 'B4248881637448190126', '欧式茶具6', '0.00'),
(148, 15, 14, '22', 3, 1, 1461488816, '322.00', '\r\n                白色                ;\r\n                300*300                ', '15_27', '', '4508.00', 'B4248881637448190126', '欧式茶具6', '0.00'),
(149, 1, 2, '22', 3, 1, 1461488816, '122.00', '', '1', '', '244.00', 'B4248881637448190126', '产品名称测试一', '0.00'),
(150, 15, 2, '23', 3, 1, 1461488834, '332.00', '\r\n                白色                ;\r\n                200*200                ', '15', '', '664.00', 'B4248883503250847108', '欧式茶具6', '0.00'),
(151, 15, 14, '23', 3, 1, 1461488834, '322.00', '\r\n                白色                ;\r\n                300*300                ', '15_27', '', '4508.00', 'B4248883503250847108', '欧式茶具6', '0.00'),
(152, 1, 2, '23', 3, 1, 1461488834, '122.00', '', '1', '', '244.00', 'B4248883503250847108', '产品名称测试一', '0.00'),
(157, 1, 1, '24', 3, 1, 1461490364, '122.00', '', '1', '', '122.00', 'B4249036444283456524', '产品名称测试一', '0.00'),
(158, 9, 4, '24', 3, 1, 1461490364, '20.00', '', '9', '', '80.00', 'B4249036444283456524', '练骨偶去', '0.00'),
(200, 15, 2, '25', 3, 1, 1461512823, '322.00', '\r\n                        白色                        ;\r\n                        300*300                        ', '15_94', '', '644.00', 'B4241282414352435010', '欧式茶具6', '0.00'),
(201, 1, 1, '25', 3, 1, 1461512823, '122.00', '', '1_21', '', '122.00', 'B4241282414352435010', '产品名称测试一', '0.00'),
(199, 2, 1, '25', 3, 1, 1461512823, '133.00', '', '2', '', '133.00', 'B4241282414352435010', '产品名称测试二', '0.00'),
(203, 2, 6, '26', 3, 1, 1461513787, '133.00', '', '2', '', '798.00', 'B4251378811555369352', '产品名称测试二', '0.00'),
(204, 4, 6, '27', 3, 1, 1461513924, '155.00', '', '4', '', '930.00', 'B4251392478432922175', '产品名称测试四', '0.00'),
(205, 14, 2, '', 3, 1, 1461518033, '100.00', '', '14', '', '200.00', 'B4251803441821123127', '欧式茶具5', '0.00');

-- --------------------------------------------------------

--
-- 表的结构 `ewshop_sms`
--

CREATE TABLE IF NOT EXISTS `ewshop_sms` (
  `id` int(10) unsigned NOT NULL AUTO_INCREMENT COMMENT '主键',
  `mobile` varchar(50) NOT NULL DEFAULT '' COMMENT '手机号码',
  `content` varchar(225) NOT NULL DEFAULT '' COMMENT '短信内容',
  `extcode` varchar(50) NOT NULL DEFAULT '' COMMENT '扩展子号',
  `signtag` varchar(225) NOT NULL DEFAULT '' COMMENT '签名',
  `uid` varchar(225) NOT NULL DEFAULT '' COMMENT '用户id',
  `create_time` int(10) unsigned NOT NULL DEFAULT '0' COMMENT '发送时间',
  `update_time` int(10) unsigned NOT NULL DEFAULT '0',
  `tempid` varchar(255) NOT NULL DEFAULT '' COMMENT '模板编号',
  `group` tinyint(2) NOT NULL DEFAULT '0' COMMENT '分组1-验证2-通知',
  `other` tinyint(2) NOT NULL DEFAULT '0' COMMENT '备用',
  `status` tinyint(2) NOT NULL DEFAULT '0' COMMENT '状态1-有效2-过期3-验证',
  PRIMARY KEY (`id`)
) ENGINE=MyISAM  DEFAULT CHARSET=utf8 ROW_FORMAT=FIXED COMMENT='短信记录表' AUTO_INCREMENT=262 ;

--
-- 转存表中的数据 `ewshop_sms`
--

INSERT INTO `ewshop_sms` (`id`, `mobile`, `content`, `extcode`, `signtag`, `uid`, `create_time`, `update_time`, `tempid`, `group`, `other`, `status`) VALUES
(256, '18810621460', '您的短信验证码为：0189，有效期一小时[天行云]', '', '', '', 1452615974, 1459131081, '', 1, 0, 0),
(257, '18810621460', '您的短信验证码为：7458，有效期一小时[华泰]', '', '', '', 1460631946, 0, '', 1, 0, 0),
(258, '18810621460', '您的短信验证码为：3251，有效期一小时[一网天行]', '', '', '', 1460632382, 0, '', 1, 0, 0),
(259, '18810621460', '找回密码操作：您的短信验证码为：1782，有效期一小时[一网天行]', '', '', '', 1460640402, 0, '', 1, 0, 0),
(260, '18810621460', '找回密码操作：您的短信验证码为：3348，有效期一小时[一网天行]', '', '', '', 1460640606, 0, '', 1, 0, 0),
(261, '18810621460', '找回密码操作：您的短信验证码为：9968，有效期一小时[一网天行]', '', '', '', 1460642603, 0, '', 1, 0, 0);

-- --------------------------------------------------------

--
-- 表的结构 `ewshop_sync_login`
--

CREATE TABLE IF NOT EXISTS `ewshop_sync_login` (
  `uid` int(11) NOT NULL,
  `openid` varchar(255) NOT NULL,
  `type` varchar(255) NOT NULL,
  `access_token` varchar(255) NOT NULL,
  `refresh_token` varchar(255) NOT NULL,
  `status` tinyint(4) NOT NULL
) ENGINE=MyISAM DEFAULT CHARSET=utf8 COMMENT='第三方登陆表';

--
-- 转存表中的数据 `ewshop_sync_login`
--


-- --------------------------------------------------------

--
-- 表的结构 `ewshop_transport`
--

CREATE TABLE IF NOT EXISTS `ewshop_transport` (
  `id` int(10) NOT NULL AUTO_INCREMENT,
  `orderid` int(10) unsigned NOT NULL DEFAULT '0',
  `cellphone` varchar(225) NOT NULL DEFAULT '',
  `province` varchar(225) NOT NULL DEFAULT '',
  `city` varchar(225) NOT NULL DEFAULT '',
  `area` varchar(225) NOT NULL DEFAULT '',
  `address` varchar(225) NOT NULL DEFAULT '',
  `realname` varchar(225) NOT NULL DEFAULT '',
  `phone` varchar(225) NOT NULL DEFAULT '',
  `youbian` varchar(225) NOT NULL DEFAULT '',
  `create_time` int(10) unsigned NOT NULL DEFAULT '0',
  `status` tinyint(2) NOT NULL DEFAULT '0' COMMENT '数据状态',
  `uid` int(10) unsigned NOT NULL DEFAULT '0',
  PRIMARY KEY (`id`)
) ENGINE=MyISAM  DEFAULT CHARSET=utf8 COMMENT='收件人地址表' AUTO_INCREMENT=16 ;

--
-- 转存表中的数据 `ewshop_transport`
--

INSERT INTO `ewshop_transport` (`id`, `orderid`, `cellphone`, `province`, `city`, `area`, `address`, `realname`, `phone`, `youbian`, `create_time`, `status`, `uid`) VALUES
(15, 0, '18810621460', '', '', '65', '北京市朝阳区通惠河畔惠河南街1106号源创空间大厦229室', '小强', '', '', 1461496862, 0, 3),
(6, 0, '18810621460', '', '', '1127', '200', '小强dddddd', '', '', 1461499171, 0, 3),
(7, 0, '01064127534', '', '', '1353', '200', '小明12', '', '', 1461499165, 1, 3);

-- --------------------------------------------------------

--
-- 表的结构 `ewshop_turnover`
--

CREATE TABLE IF NOT EXISTS `ewshop_turnover` (
  `id` int(10) NOT NULL AUTO_INCREMENT,
  `uid` int(10) unsigned NOT NULL DEFAULT '0',
  `sales` decimal(50,2) NOT NULL DEFAULT '0.00',
  `back` decimal(50,2) NOT NULL DEFAULT '0.00',
  `change` decimal(50,2) NOT NULL DEFAULT '0.00',
  `profits` decimal(50,2) NOT NULL DEFAULT '0.00',
  `cancel` decimal(50,2) NOT NULL DEFAULT '0.00',
  `create_time` int(10) unsigned NOT NULL DEFAULT '0',
  `update_time` int(10) unsigned NOT NULL DEFAULT '0',
  `status` tinyint(2) NOT NULL DEFAULT '0' COMMENT '数据状态',
  `info` varchar(225) NOT NULL DEFAULT '0',
  PRIMARY KEY (`id`)
) ENGINE=MyISAM  DEFAULT CHARSET=utf8 COMMENT='利润计算总表' AUTO_INCREMENT=18 ;

--
-- 转存表中的数据 `ewshop_turnover`
--

INSERT INTO `ewshop_turnover` (`id`, `uid`, `sales`, `back`, `change`, `profits`, `cancel`, `create_time`, `update_time`, `status`, `info`) VALUES
(1, 1, '123.00', '0.00', '0.00', '113.00', '10.00', 1453461084, 1459181555, 1, '20160122'),
(2, 1, '0.00', '0.00', '0.00', '0.00', '0.00', 1453624701, 1453624701, 1, '20160124'),
(3, 1, '1100.00', '0.00', '0.00', '1000.00', '100.00', 1453624703, 1453624703, 2, '03'),
(4, 1, '0.00', '0.00', '0.00', '0.00', '0.00', 1458972551, 1458973429, 1, '20160326'),
(5, 1, '100.00', '0.00', '0.00', '100.00', '0.00', 1458972558, 1459182485, 3, '201603'),
(6, 1, '0.00', '0.00', '0.00', '0.00', '0.00', 1458972559, 1458973433, 2, '12'),
(7, 1, '0.00', '0.00', '0.00', '0.00', '0.00', 1459131222, 1459179800, 1, '20160328'),
(8, 1, '100.00', '0.00', '0.00', '100.00', '0.00', 1459179135, 1459182480, 2, '13'),
(9, 1, '0.00', '0.00', '0.00', '0.00', '0.00', 1459181068, 1459255933, 1, '20160329'),
(10, 1, '0.00', '0.00', '0.00', '0.00', '0.00', 1459753727, 1459753745, 1, '20160404'),
(11, 1, '0.00', '0.00', '0.00', '0.00', '0.00', 1460016675, 1460016675, 1, '20160407'),
(12, 1, '100.00', '0.00', '0.00', '100.00', '0.00', 1460289293, 1460303954, 1, '20160410'),
(13, 1, '100.00', '0.00', '0.00', '100.00', '0.00', 1460289301, 1460289456, 2, '14'),
(14, 1, '100.00', '0.00', '0.00', '100.00', '0.00', 1460289302, 1460289464, 3, '201604'),
(15, 1, '0.00', '0.00', '0.00', '0.00', '0.00', 1460373183, 1460376952, 1, '20160411'),
(16, 1, '0.00', '0.00', '0.00', '0.00', '0.00', 1460631988, 1460632003, 1, '20160414'),
(17, 1, '40003.00', '0.00', '0.00', '40003.00', '0.00', 1461499849, 1461499849, 1, '20160424');

-- --------------------------------------------------------

--
-- 表的结构 `ewshop_ucenter_admin`
--

CREATE TABLE IF NOT EXISTS `ewshop_ucenter_admin` (
  `id` int(10) unsigned NOT NULL AUTO_INCREMENT COMMENT '管理员ID',
  `member_id` int(10) unsigned NOT NULL DEFAULT '0' COMMENT '管理员用户ID',
  `status` tinyint(3) unsigned NOT NULL DEFAULT '0' COMMENT '管理员状态',
  PRIMARY KEY (`id`)
) ENGINE=MyISAM DEFAULT CHARSET=utf8 COMMENT='管理员表' AUTO_INCREMENT=1 ;

--
-- 转存表中的数据 `ewshop_ucenter_admin`
--


-- --------------------------------------------------------

--
-- 表的结构 `ewshop_ucenter_app`
--

CREATE TABLE IF NOT EXISTS `ewshop_ucenter_app` (
  `id` int(10) unsigned NOT NULL AUTO_INCREMENT COMMENT '应用ID',
  `title` varchar(30) NOT NULL COMMENT '应用名称',
  `url` varchar(100) NOT NULL COMMENT '应用URL',
  `ip` char(15) NOT NULL DEFAULT '' COMMENT '应用IP',
  `auth_key` varchar(100) NOT NULL DEFAULT '' COMMENT '加密KEY',
  `sys_login` tinyint(1) unsigned NOT NULL DEFAULT '0' COMMENT '同步登陆',
  `allow_ip` varchar(255) NOT NULL DEFAULT '' COMMENT '允许访问的IP',
  `create_time` int(10) unsigned NOT NULL DEFAULT '0' COMMENT '创建时间',
  `update_time` int(10) unsigned NOT NULL DEFAULT '0' COMMENT '更新时间',
  `status` tinyint(4) NOT NULL DEFAULT '0' COMMENT '应用状态',
  PRIMARY KEY (`id`),
  KEY `status` (`status`)
) ENGINE=MyISAM DEFAULT CHARSET=utf8 COMMENT='应用表' AUTO_INCREMENT=1 ;

--
-- 转存表中的数据 `ewshop_ucenter_app`
--


-- --------------------------------------------------------

--
-- 表的结构 `ewshop_ucenter_member`
--

CREATE TABLE IF NOT EXISTS `ewshop_ucenter_member` (
  `id` int(10) unsigned NOT NULL AUTO_INCREMENT COMMENT '用户ID',
  `username` char(16) NOT NULL COMMENT '用户名',
  `password` char(32) NOT NULL COMMENT '密码',
  `email` char(32) DEFAULT NULL COMMENT '用户邮箱',
  `mobile` char(15) NOT NULL DEFAULT '' COMMENT '用户手机',
  `reg_time` int(10) unsigned NOT NULL DEFAULT '0' COMMENT '注册时间',
  `reg_ip` bigint(20) NOT NULL DEFAULT '0' COMMENT '注册IP',
  `last_login_time` int(10) unsigned NOT NULL DEFAULT '0' COMMENT '最后登录时间',
  `last_login_ip` bigint(20) NOT NULL DEFAULT '0' COMMENT '最后登录IP',
  `update_time` int(10) unsigned NOT NULL DEFAULT '0' COMMENT '更新时间',
  `status` tinyint(4) DEFAULT '0' COMMENT '会员状态(0:禁用,1:启用,2:审核)',
  `face` int(10) unsigned NOT NULL DEFAULT '0' COMMENT '头像',
  `type` int(4) unsigned NOT NULL DEFAULT '1' COMMENT '会员类型(1:普通,2:机构,3:销售)',
  PRIMARY KEY (`id`),
  UNIQUE KEY `username` (`username`),
  KEY `status` (`status`)
) ENGINE=MyISAM  DEFAULT CHARSET=utf8 COMMENT='用户表' AUTO_INCREMENT=5 ;

--
-- 转存表中的数据 `ewshop_ucenter_member`
--

INSERT INTO `ewshop_ucenter_member` (`id`, `username`, `password`, `email`, `mobile`, `reg_time`, `reg_ip`, `last_login_time`, `last_login_ip`, `update_time`, `status`, `face`, `type`) VALUES
(1, 'xiaoxiao', '71aa41b9976a217193b15d32d5e36d52', '', '13146107407', 1452616005, 2130706433, 1459143751, 2130706433, 1452616005, 1, 0, 1),
(2, 'xiaokang', 'b7f75feae54b1990d87ab3ea435f4380', '', '13145674567', 1452693842, 2130706433, 0, 0, 1452693842, 1, 0, 1),
(3, 'kangjia', '07db0c9bde3805c52e1df902f2dc175e', NULL, '18810621460', 1461498507, 2130706433, 1461498507, 2130706433, 1461498507, 1, 9, 1),
(4, 'xiaoxiao123', 'b7f75feae54b1990d87ab3ea435f4380', NULL, '13146107408', 1460632713, 2130706433, 1460632713, 2130706433, 1460632713, 1, 0, 1);

-- --------------------------------------------------------

--
-- 表的结构 `ewshop_ucenter_setting`
--

CREATE TABLE IF NOT EXISTS `ewshop_ucenter_setting` (
  `id` int(10) unsigned NOT NULL AUTO_INCREMENT COMMENT '设置ID',
  `type` tinyint(3) unsigned NOT NULL DEFAULT '0' COMMENT '配置类型（1-用户配置）',
  `value` text NOT NULL COMMENT '配置数据',
  PRIMARY KEY (`id`)
) ENGINE=MyISAM DEFAULT CHARSET=utf8 COMMENT='设置表' AUTO_INCREMENT=1 ;

--
-- 转存表中的数据 `ewshop_ucenter_setting`
--


-- --------------------------------------------------------

--
-- 表的结构 `ewshop_url`
--

CREATE TABLE IF NOT EXISTS `ewshop_url` (
  `id` int(11) unsigned NOT NULL AUTO_INCREMENT COMMENT '链接唯一标识',
  `url` char(255) NOT NULL DEFAULT '' COMMENT '链接地址',
  `short` char(100) NOT NULL DEFAULT '' COMMENT '短网址',
  `status` tinyint(2) NOT NULL DEFAULT '2' COMMENT '状态',
  `create_time` int(10) unsigned NOT NULL DEFAULT '0' COMMENT '创建时间',
  PRIMARY KEY (`id`),
  UNIQUE KEY `idx_url` (`url`)
) ENGINE=MyISAM DEFAULT CHARSET=utf8 COMMENT='链接表' AUTO_INCREMENT=1 ;

--
-- 转存表中的数据 `ewshop_url`
--


-- --------------------------------------------------------

--
-- 表的结构 `ewshop_verification`
--

CREATE TABLE IF NOT EXISTS `ewshop_verification` (
  `id` int(10) unsigned NOT NULL AUTO_INCREMENT COMMENT '主键',
  `mobile` varchar(50) NOT NULL DEFAULT '' COMMENT '手机号码',
  `email` varchar(50) NOT NULL DEFAULT '' COMMENT '邮箱',
  `paycode` varchar(50) NOT NULL DEFAULT '' COMMENT '支付密码',
  `uid` varchar(225) NOT NULL DEFAULT '' COMMENT '用户id',
  `create_time` int(10) unsigned NOT NULL DEFAULT '0' COMMENT '发送时间',
  `update_time` int(10) unsigned NOT NULL DEFAULT '0',
  `tempid` varchar(255) NOT NULL DEFAULT '' COMMENT '模板编号',
  `tag` tinyint(2) NOT NULL DEFAULT '0' COMMENT '验证分组1-邮箱2-手机3-其他',
  `msg` varchar(50) NOT NULL DEFAULT '' COMMENT '手机验证码',
  `status` tinyint(2) NOT NULL DEFAULT '0' COMMENT '状态1-有效2-过期3-验证',
  PRIMARY KEY (`id`)
) ENGINE=MyISAM  DEFAULT CHARSET=utf8 ROW_FORMAT=FIXED COMMENT='安全验证表' AUTO_INCREMENT=6 ;

--
-- 转存表中的数据 `ewshop_verification`
--

INSERT INTO `ewshop_verification` (`id`, `mobile`, `email`, `paycode`, `uid`, `create_time`, `update_time`, `tempid`, `tag`, `msg`, `status`) VALUES
(1, '18810621460', '', '', '', 1460631946, 0, '', 0, '', 1),
(2, '18810621460', '', '', '', 1460632382, 0, '', 0, '', 1),
(3, '18810621460', '', '', '', 1460640402, 0, '', 0, '', 1),
(4, '18810621460', '', '', '', 1460640606, 0, '', 0, '', 1),
(5, '18810621460', '', '', '', 1460642603, 0, '', 0, '', 1);

-- --------------------------------------------------------

--
-- 表的结构 `ewshop_walletrecord`
--

CREATE TABLE IF NOT EXISTS `ewshop_walletrecord` (
  `id` int(11) NOT NULL AUTO_INCREMENT,
  `uid` int(11) NOT NULL COMMENT '会员id',
  `money` varchar(32) NOT NULL COMMENT '流动资金数目',
  `status` tinyint(1) NOT NULL COMMENT '1充值2消费',
  `cometype` smallint(6) NOT NULL DEFAULT '0' COMMENT '充值方式0为消费1支付宝',
  `changetime` varchar(10) NOT NULL COMMENT '变更时间记录',
  `note` varchar(256) NOT NULL COMMENT '资金流动说明',
  `comeorder` varchar(32) NOT NULL COMMENT '充值记录号',
  PRIMARY KEY (`id`)
) ENGINE=MyISAM  DEFAULT CHARSET=utf8 COMMENT='账户金额流动表' AUTO_INCREMENT=3 ;

--
-- 转存表中的数据 `ewshop_walletrecord`
--

INSERT INTO `ewshop_walletrecord` (`id`, `uid`, `money`, `status`, `cometype`, `changetime`, `note`, `comeorder`) VALUES
(1, 3, '900', 1, 0, '98907650', 'xiaogru', '67687'),
(2, 3, '1000', 2, 3, '1461509125', '提现', '');

-- --------------------------------------------------------

--
-- 表的结构 `ewshop_wxkey`
--

CREATE TABLE IF NOT EXISTS `ewshop_wxkey` (
  `id` int(10) NOT NULL AUTO_INCREMENT COMMENT '关键词规则id',
  `name` varchar(64) NOT NULL COMMENT '规则名',
  `keyword` varchar(128) NOT NULL COMMENT '关键词',
  `type` int(1) NOT NULL DEFAULT '1' COMMENT '类型：1图文 2文本',
  `content` text NOT NULL COMMENT '文本回复内容',
  `datetime` int(10) NOT NULL COMMENT '发布时间',
  PRIMARY KEY (`id`)
) ENGINE=MyISAM  DEFAULT CHARSET=utf8 COMMENT='关键词规则表' AUTO_INCREMENT=2 ;

--
-- 转存表中的数据 `ewshop_wxkey`
--

INSERT INTO `ewshop_wxkey` (`id`, `name`, `keyword`, `type`, `content`, `datetime`) VALUES
(1, '关注回复', 'subscribe', 1, '', 0);

-- --------------------------------------------------------

--
-- 表的结构 `ewshop_wxmenu`
--

CREATE TABLE IF NOT EXISTS `ewshop_wxmenu` (
  `id` int(10) NOT NULL AUTO_INCREMENT,
  `pid` int(10) NOT NULL DEFAULT '0',
  `name` varchar(32) NOT NULL,
  `type` varchar(10) DEFAULT NULL,
  `event_key` varchar(200) NOT NULL,
  `view_url` varchar(300) NOT NULL,
  `listorder` varchar(5) NOT NULL,
  `status` tinyint(1) NOT NULL,
  PRIMARY KEY (`id`)
) ENGINE=InnoDB DEFAULT CHARSET=utf8 AUTO_INCREMENT=1 ;

--
-- 转存表中的数据 `ewshop_wxmenu`
--


-- --------------------------------------------------------

--
-- 表的结构 `ewshop_wxmsglog`
--

CREATE TABLE IF NOT EXISTS `ewshop_wxmsglog` (
  `id` int(10) unsigned NOT NULL AUTO_INCREMENT,
  `openid` varchar(64) NOT NULL,
  `message` text NOT NULL,
  `m_type` int(1) NOT NULL COMMENT '消息类型：0用户消息 1微信回复',
  `status` varchar(255) NOT NULL DEFAULT '',
  `datetime` int(11) unsigned NOT NULL,
  PRIMARY KEY (`id`)
) ENGINE=MyISAM DEFAULT CHARSET=utf8 AUTO_INCREMENT=1 ;

--
-- 转存表中的数据 `ewshop_wxmsglog`
--


-- --------------------------------------------------------

--
-- 表的结构 `ewshop_wxreply`
--

CREATE TABLE IF NOT EXISTS `ewshop_wxreply` (
  `id` int(10) unsigned NOT NULL AUTO_INCREMENT,
  `title` varchar(255) NOT NULL DEFAULT '' COMMENT '关键词名称',
  `kid` int(10) NOT NULL COMMENT '关键词规则id',
  `thumb` varchar(255) NOT NULL DEFAULT '' COMMENT '图片',
  `description` mediumtext NOT NULL COMMENT '简介',
  `content` text NOT NULL COMMENT '详细内容',
  `link` varchar(255) NOT NULL DEFAULT '' COMMENT '跳转链接',
  `listorder` int(10) NOT NULL COMMENT '排序',
  `datetime` int(10) unsigned NOT NULL,
  PRIMARY KEY (`id`)
) ENGINE=MyISAM DEFAULT CHARSET=utf8 AUTO_INCREMENT=1 ;

--
-- 转存表中的数据 `ewshop_wxreply`
--


-- --------------------------------------------------------

--
-- 表的结构 `ewshop_wxsetting`
--

CREATE TABLE IF NOT EXISTS `ewshop_wxsetting` (
  `id` int(10) unsigned NOT NULL AUTO_INCREMENT,
  `name` varchar(512) NOT NULL COMMENT '微信公众号名称',
  `token` varchar(64) NOT NULL COMMENT 'token随机码',
  `appid` varchar(512) NOT NULL,
  `appsecret` varchar(512) NOT NULL,
  `authurl` varchar(128) NOT NULL COMMENT '授权回调页面域名',
  `mchid` varchar(64) NOT NULL,
  `key` varchar(64) NOT NULL,
  PRIMARY KEY (`id`)
) ENGINE=MyISAM  DEFAULT CHARSET=utf8 AUTO_INCREMENT=2 ;

--
-- 转存表中的数据 `ewshop_wxsetting`
--

INSERT INTO `ewshop_wxsetting` (`id`, `name`, `token`, `appid`, `appsecret`, `authurl`, `mchid`, `key`) VALUES
(1, '找好课', 'aidetianshi88', 'wxa3e689c370884f82', '417aa40ae2afe9f2f7b66195dfb4a83a', 'zhk.akng.net', '第三', '地');
